station_id,station,lat,lon,coast_rp_rp10_m,match_dist_km,window_width_km,terrain_source,terrain_tiles,mask_outside_support_cells,official_clipped_255_cells,coastal_sector,eta_m,neighbours,seed_rule,seed_resolved,seed_status,elevation_offset_m,window_area_km2,reference_land_area_km2,below_area_km2,connected_area_km2,unconnected_below_area_km2,below_reference_land_pct,conditional_connectivity_pct,connected_reference_land_pct,reference_land_window_pct,below_window_pct,connected_window_pct,below_cells,connected_cells,mask_ocean_area_km2,mask_river_area_km2,mask_lake_area_km2,mask_clipped_255_area_km2,mask_outside_support_area_km2,mask_land_area_km2,represented_land_window_pct
esbjerg-130121-denmark,Esbjerg 130121 Denmark,55.467,8.4333,3.3989999294281006,1.0961426145407729,10.0,DeltaDTM:DeltaDTM_v1_1_N55E008.tif,DeltaDTM_v1_1_N55E008.tif,0,0,Denmark-Norway,2.0,4,official_adaptive,True,resolved_local_ocean,0.0,100.4961416723689,60.13010731729512,5.54719370092253,4.925742995340043,0.6214507055824869,9.225318144953652,88.7970253232885,8.191808089328422,59.83324963193856,5.5198076350106415,4.901424983457211,6835.0,6069.0,40.2427178897448,0.0,0.1233164653289751,0.0,0.0,60.13010731729512,59.833249631938564
denhelder-hel-nl,Denhelder Hel Nl,52.965,4.7464,2.635999917984009,0.6271861455373051,10.0,DeltaDTM:mosaic(2),DeltaDTM_v1_1_N52E004.tif;DeltaDTM_v1_1_N53E004.tif,0,0,Dutch-German-Bight,2.0,4,official_adaptive,True,resolved_local_ocean,0.0,100.59431529242602,29.073792795122053,21.20938228133257,20.85450565370344,0.3548766276291282,72.95017348025895,98.3267941379817,71.72956690123473,28.902023648756906,21.084076391073634,20.731296388945772,36894.0,36276.0,69.99077852988663,0.6559511571973229,0.8737928102200276,0.0,0.0,29.073792795122053,28.902023648756906
lerwick-p041-uk,Lerwick P041 Uk,60.15,-1.1333,1.5080000162124634,0.0940864059903398,10.0,DeltaDTM:DeltaDTM_v1_1_N60W002.tif,DeltaDTM_v1_1_N60W002.tif,0,0,British-North-Sea,2.0,4,official_adaptive,True,resolved_local_ocean,0.0,100.62130509110366,56.92591873147791,1.4193140861703404,1.3310213944908726,0.0882926916794677,2.4932651379160133,93.77919992905144,2.338164098447598,56.57441898605523,1.4105502655578532,1.3228027536372648,1495.0,1402.0,42.28876511276616,0.0,1.4066212468595929,0.0,0.0,56.92591873147791,56.57441898605523
cuxhaven-germany,Cuxhaven Germany,53.867,8.7167,4.696000099182129,0.5308434347028981,10.0,DeltaDTM:DeltaDTM_v1_1_N53E008.tif,DeltaDTM_v1_1_N53E008.tif,0,0,Denmark-Norway,2.0,4,official_adaptive,True,resolved_local_ocean,0.0,100.68343992408036,47.97352645201355,29.423253383208035,28.54984347963728,0.8734099035707565,61.33227127390607,97.03156584285402,59.51166318405801,47.64788180478106,29.223528124778447,28.356046933999362,34849.0,33814.0,52.66262175195284,0.0,0.0472917201139586,0.0,0.0,47.97352645201355,47.64788180478105
delfzijl-del-nl,Delfzijl Del Nl,53.326,6.9331,4.093999862670898,0.2941116420316665,10.0,DeltaDTM:mosaic(2),DeltaDTM_v1_1_N53E006.tif;DeltaDTM_v1_1_N53E007.tif,326,0,Dutch-German-Bight,2.0,4,official_adaptive,True,resolved_local_ocean,0.0,100.49533581312916,63.39243255817696,61.492364844138415,61.30311153549263,0.1892533086457817,97.00269000989223,99.69223283390473,96.7041475798126,63.07997485182303,61.18927246383187,61.000951974015614,107886.0,107554.0,35.43521829424075,1.370816540681151,0.1111099434810577,0.0,0.1857584765492221,63.39243255817696,63.07997485182302
portpatrick-p063-uk,Portpatrick P063 Uk,54.843,-5.12,2.88700008392334,0.7785273697399445,10.0,DeltaDTM:DeltaDTM_v1_1_N54W006.tif,DeltaDTM_v1_1_N54W006.tif,0,0,Atlantic-Celtic,2.0,4,official_adaptive,True,resolved_local_ocean,0.0,100.46929786845766,45.42104078330847,0.2487914608965638,0.2479676470429266,0.0008238138536371,0.5477449582969285,99.6688737424233,0.5459312309154548,45.20887648958917,0.24762934167441006,0.24680937590266175,302.0,301.0,55.00542859674357,0.0,0.0428284884056208,0.0,0.0,45.42104078330847,45.20887648958917
newlyn-p001-uk,Newlyn,50.102,-5.5417,3.345999956130981,0.898627283055563,10.0,DeltaDTM:DeltaDTM_v1_1_N50W006.tif,DeltaDTM_v1_1_N50W006.tif,0,0,Atlantic-Celtic,2.0,4,official_adaptive,True,resolved_local_ocean,0.0,100.54440488425747,61.93394318807579,0.2808802046483569,0.2762932822932256,0.0045869223551313,0.4535157785697635,98.3669470901754,0.4461096259513163,61.5985974151138,0.2793593586552076,0.2747972725198214,306.0,301.0,38.32594474089999,0.0,0.2845169552817083,0.0,0.0,61.93394318807579,61.598597415113815
fishguard-p055-uk,Fishguard P055 Uk,52.014,-4.9833,2.997999906539917,0.6424302156659428,10.0,DeltaDTM:mosaic(3),DeltaDTM_v1_1_N51W005.tif;DeltaDTM_v1_1_N51W006.tif;DeltaDTM_v1_1_N52W005.tif,850,0,British-North-Sea,2.0,4,official_adaptive,True,resolved_local_ocean,0.0,100.496212832297,40.6286118200529,0.0922018536930857,0.0722313329757442,0.0199705207173415,0.2269382328430381,78.34043469037205,0.1777843980878847,40.42800288191145,0.09174659531394232,0.07187468158255893,157.0,123.0,48.82271809423619,0.0,0.0,0.0,0.4994151170313106,51.17407962102951,40.42800288191145
hoekvanholla-hvh-nl,Hoek van Holland,51.977,4.12,3.372999906539917,0.4316300697656207,10.0,DeltaDTM:mosaic(2),DeltaDTM_v1_1_N51E004.tif;DeltaDTM_v1_1_N52E004.tif,0,0,Dutch-German-Bight,2.0,4,official_adaptive,True,resolved_local_ocean,0.0,100.57929871308195,53.45304071050628,25.7298794131886,1.4109790180695978,24.318900395119005,48.135483166500855,5.483815121754358,2.639660904814097,53.14517141642572,25.58168504096163,1.4028523126758263,43793.0,2400.0,24.830158419374023,22.021010060629177,0.2750895225724953,0.0,0.0,53.45304071050628,53.145171416425725
milfordhaven-p056-uk,Milfordhaven P056 Uk,51.702,-5.0143,4.375999927520752,0.1860794166112794,10.0,DeltaDTM:mosaic(2),DeltaDTM_v1_1_N51W005.tif;DeltaDTM_v1_1_N51W006.tif,326,0,Atlantic-Celtic,2.0,4,official_adaptive,True,resolved_local_ocean,0.0,100.61725213407684,77.70270760413167,0.4453882038989514,0.3667188963427887,0.0786693075561626,0.573195217556703,82.33691263767486,0.4719512455229929,77.22602829640931,0.44265590090400436,0.3644692024128426,753.0,620.0,9.263506787449764,13.345964884066326,0.1123195018503775,0.0,0.1927533565786912,77.70270760413167,77.22602829640931
tregde-006-norway,Tregde 006 Norway,58.0,7.5666,0.9990000128746032,0.0353554993422451,10.0,DeltaDTM:mosaic(2),DeltaDTM_v1_1_N57E007.tif;DeltaDTM_v1_1_N58E007.tif,0,0,Dutch-German-Bight,2.0,4,official_adaptive,True,resolved_local_ocean,0.0,100.53654566131203,48.07282594164379,3.175327375768876,2.743390452234989,0.431936923533887,6.60524384321289,86.39709005030394,5.706738471262798,47.81626982052054,3.158381218373996,2.7287494653704685,6281.0,5426.0,50.60666095208581,0.2732128624404046,1.5838459051420273,0.0,0.0,48.07282594164379,47.81626982052054
lowestoft-p024-uk,Lowestoft P024 Uk,52.473,1.7508,2.378999948501587,0.558679556824671,10.0,DeltaDTM:DeltaDTM_v1_1_N52E001.tif,DeltaDTM_v1_1_N52E001.tif,0,0,British-North-Sea,2.0,4,official_adaptive,True,resolved_local_ocean,0.0,100.59878908870212,47.27630776965928,5.71903283325058,0.6695068487931946,5.049525984457386,12.097037825193508,11.706644607820175,1.4161572262689828,46.99490739195061,5.684991723118926,0.6655217770095251,6562.0,768.0,52.3698163284845,0.5421521976245709,0.4105127929337629,0.0,0.0,47.27630776965928,46.99490739195061
wick-p035-uk,Wick P035 Uk,58.441,-3.0863,2.559999942779541,2.044426816988848,10.0,DeltaDTM:DeltaDTM_v1_1_N58W004.tif,DeltaDTM_v1_1_N58W004.tif,0,0,British-North-Sea,2.0,4,official_adaptive,True,resolved_local_ocean,0.0,100.5973544660625,55.68345906178583,0.8797974378350306,0.8640743083235205,0.0157231295115101,1.579997817410761,98.2128693679535,1.551761192430147,55.352806599472935,0.8745731361472721,0.8589433717315343,1175.0,1154.0,43.9333703893201,0.0741439758018449,0.9063810391547316,0.0,0.0,55.68345906178583,55.35280659947294
stornoway-p042-uk,Stornoway P042 Uk,58.208,-6.3882,2.9800000190734863,1.96547346956443,10.0,DeltaDTM:DeltaDTM_v1_1_N58W007.tif,DeltaDTM_v1_1_N58W007.tif,0,0,Atlantic-Celtic,2.0,4,official_adaptive,True,resolved_local_ocean,0.0,100.52536391210782,70.28727708840731,1.590244682845599,1.342972594491389,0.2472720883542098,2.262492941425786,84.45068919131747,1.9106908819389867,69.91994294082981,1.5819337736852115,1.3359539744273774,2110.0,1782.0,27.37666189701314,0.0,2.8614249266873704,0.0,0.0,70.28727708840731,69.91994294082981
le-conquet,Le Conquet France,48.359,-4.7807,4.026999950408936,0.3743241107784543,10.0,DeltaDTM:DeltaDTM_v1_1_N48W005.tif,DeltaDTM_v1_1_N48W005.tif,0,0,western-English-Channel,2.0,4,official_adaptive,True,resolved_local_ocean,0.0,100.64263991857216,35.84920407602422,0.1210948740466651,0.1090500106753151,0.0120448633713499,0.3377895748811138,90.05336644827067,0.3041908836917451,35.62029384864015,0.12032163916272508,0.10835368663177473,191.0,172.0,64.07017353065535,0.6922090259010214,0.0310532859915851,0.0,0.0,35.84920407602422,35.62029384864016
brest,Brest,48.383,-4.5,4.313000202178955,0.8326028065721115,10.0,DeltaDTM:DeltaDTM_v1_1_N48W005.tif,DeltaDTM_v1_1_N48W005.tif,0,0,western-English-Channel,2.0,4,official_adaptive,True,resolved_local_ocean,0.0,100.59543634506063,62.63626331885556,0.2876617134030241,0.1761772715744469,0.1114844418285772,0.4592574623084652,61.24460203281081,0.2812704050968057,62.26551183097589,0.2859590095283171,0.17513445736258534,454.0,278.0,37.23442020841672,0.6087956150986344,0.1159572026897373,0.0,0.0,62.63626331885556,62.2655118309759
port-tudy,Port Tudy France,47.644,-3.4459,3.0,0.3071588803705932,10.0,DeltaDTM:DeltaDTM_v1_1_N47W004.tif,DeltaDTM_v1_1_N47W004.tif,0,0,western-English-Channel,2.0,4,official_adaptive,True,resolved_local_ocean,0.0,100.58051982042146,15.417579555925611,0.1922433180687702,0.1916004240849682,0.0006428939838019,1.2469098497038933,99.66558318371722,1.2427399734825972,15.328594029393049,0.19113374877362477,0.19049456537613402,299.0,298.0,85.14558617698232,0.0,0.0173540875135252,0.0,0.0,15.417579555925611,15.328594029393043
cherbourg,Cherbourg France,49.651,-1.6355,3.674000024795532,0.1799794683868606,10.0,DeltaDTM:DeltaDTM_v1_1_N49W002.tif,DeltaDTM_v1_1_N49W002.tif,0,0,western-English-Channel,2.0,4,official_adaptive,True,resolved_local_ocean,0.0,100.48129346335188,57.660649063556335,0.8478972320329144,0.7787125268263957,0.0691847052065187,1.470495469272851,91.8404374265214,1.3505094713173649,57.38446140184956,0.8438359049808256,0.7749825862964356,1373.0,1261.0,42.81261775654048,0.0,0.0080266432550639,0.0,0.0,57.660649063556335,57.384461401849556
saint-nazaire,Saint Nazaire France,47.267,-2.2016,3.275000095367432,0.5134189518354477,10.0,DeltaDTM:DeltaDTM_v1_1_N47W003.tif,DeltaDTM_v1_1_N47W003.tif,0,0,western-English-Channel,2.0,4,official_adaptive,True,resolved_local_ocean,0.0,100.6709728073322,56.65288751822597,6.052971363619637,0.330768580987012,5.722202782632625,10.684312183862328,5.464565435994638,0.5838512306731046,56.27529558758744,6.012628262969143,0.3285640058530566,9356.0,511.0,30.83024078717142,12.541251693187297,0.6465928087474999,0.0,0.0,56.65288751822597,56.275295587587436
saint-gildas,Saint Gildas France,47.14,-2.2464,3.243000030517578,0.6955371206450615,10.0,DeltaDTM:DeltaDTM_v1_1_N47W003.tif,DeltaDTM_v1_1_N47W003.tif,0,0,western-English-Channel,2.0,4,official_adaptive,True,resolved_local_ocean,0.0,100.48904841388062,14.601906545415694,0.6566726372354704,0.6521308885363524,0.004541748699118,4.497170524910902,99.30836943073518,4.466066718808651,14.530843684851456,0.6534768192160169,0.6489571737712595,1012.0,1005.0,85.88714186846494,0.0,0.0,0.0,0.0,14.601906545415694,14.530843684851456
le-havre,Le Havre France,49.482,0.106,4.64300012588501,1.1125158833977298,10.0,DeltaDTM:DeltaDTM_v1_1_N49E000.tif,DeltaDTM_v1_1_N49E000.tif,0,0,eastern-Channel-southern-North-Sea,2.0,4,official_adaptive,True,resolved_local_ocean,0.0,100.62743792318436,42.29796397447385,1.5212842204448311,1.4010474281228575,0.1202367923219736,3.5965897114170837,92.0963623558249,3.3123282930789943,42.03422530419855,1.5117986225646813,1.3923115375275386,2454.0,2260.0,43.14407089929399,14.92699971637096,0.2584033330455495,0.0,0.0,42.29796397447385,42.03422530419855
dunkerque,Dunkerque France,51.048,2.3667,4.547999858856201,1.0018618201129972,10.0,DeltaDTM:DeltaDTM_v1_1_N51E002.tif,DeltaDTM_v1_1_N51E002.tif,0,0,eastern-Channel-southern-North-Sea,2.0,4,official_adaptive,True,resolved_local_ocean,0.0,100.59861011050234,52.60741409663865,18.19179324712672,16.082790875759464,2.109002371367257,34.58028409020219,88.40684729252648,30.571338948946885,52.29437468256484,18.083543328425694,15.987090535439163,20207.0,17864.0,44.78988429489311,0.5175324571695239,2.6837792618010634,0.0,0.0,52.60741409663865,52.29437468256484
roscoff,Roscoff France,48.718,-3.9657,4.85699987411499,0.6185832324786201,10.0,DeltaDTM:mosaic(2),DeltaDTM_v1_1_N48W004.tif;DeltaDTM_v1_1_N48W005.tif,0,0,western-English-Channel,2.0,4,official_adaptive,True,resolved_local_ocean,0.0,100.54719736499683,28.039641234832324,0.2555555317617746,0.243594995882567,0.0119605358792076,0.9114079942089632,95.31978987238004,0.8687521849600573,27.88704406453568,0.2541647489527543,0.24226930463142768,406.0,387.0,72.4987492766629,0.0,0.0088068535016101,0.0,0.0,28.039641234832324,27.88704406453568
boulogne-sur-mer,Boulogne Sur Mer,50.727,1.5777,5.7129998207092285,0.8011007337990727,10.0,DeltaDTM:DeltaDTM_v1_1_N50E001.tif,DeltaDTM_v1_1_N50E001.tif,0,0,eastern-Channel-southern-North-Sea,2.0,4,official_adaptive,True,resolved_local_ocean,0.0,100.70321746230594,46.825788907994536,0.4421320910489036,0.44122581479523,0.0009062762536736,0.9442063900250032,99.79502138116156,0.9422709688077456,46.49880121806617,0.43904465238600476,0.4381447047214599,488.0,487.0,53.22145830282474,0.6559702514866548,0.0,0.0,0.0,46.825788907994536,46.49880121806617
dieppe,Dieppe France,49.929,1.0845,6.14300012588501,0.5368500847947633,10.0,DeltaDTM:DeltaDTM_v1_1_N49E001.tif,DeltaDTM_v1_1_N49E001.tif,0,0,eastern-Channel-southern-North-Sea,2.0,4,official_adaptive,True,resolved_local_ocean,0.0,100.50674833504858,54.07552862006931,0.1559993128849424,0.1338828645254773,0.022116448359465,0.2884841200184692,85.82272706817814,0.2475849389584862,53.80288340421035,0.1552127747331992,0.13320783603421965,254.0,218.0,46.18603584009766,0.0,0.2451838748816152,0.0,0.0,54.07552862006931,53.80288340421035
immingham-p026-uk,Immingham P026 Uk,53.631,-0.18603,4.527999877929688,0.4874162774435815,10.0,DeltaDTM:DeltaDTM_v1_1_N53W001.tif,DeltaDTM_v1_1_N53W001.tif,0,0,British-North-Sea,2.0,4,official_adaptive,True,resolved_context_ocean_connected_river,0.0,100.69759476177953,61.51132370480517,12.389308536874562,0.2494598543760564,12.139848682498506,20.141508572196,2.013509096440562,0.405551107261522,61.08519657328719,12.303480104151415,0.24773169107584347,14595.0,294.0,0.0,38.802807840430255,0.3834632165441122,0.0,0.0,61.51132370480517,61.08519657328719
aberdeen-p038-uk,Aberdeen,57.143,-2.0745,2.822000026702881,1.2635678555080092,10.0,DeltaDTM:mosaic(2),DeltaDTM_v1_1_N57W002.tif;DeltaDTM_v1_1_N57W003.tif,0,0,British-North-Sea,2.0,4,official_adaptive,True,resolved_local_ocean,0.0,100.56937551929892,53.28492089218125,0.6232663150400612,0.5234240484859856,0.0998422665540756,1.1696861036937676,83.98080176246037,0.9823117679861098,52.98324725299309,0.61973768040397,0.5204606728273283,1204.0,1011.0,45.87032732529978,1.2939325314943066,0.1201947703235865,0.0,0.0,53.28492089218125,52.98324725299309
millport-p049-uk,Millport P049 Uk,55.75,-4.9058,2.7170000076293945,0.6640781018002286,10.0,DeltaDTM:DeltaDTM_v1_1_N55W005.tif,DeltaDTM_v1_1_N55W005.tif,0,0,British-North-Sea,2.0,4,official_adaptive,True,resolved_local_ocean,0.0,100.56111418358014,44.73923972070818,0.8126555636874708,0.6877714063785553,0.1248841573089155,1.8164268520444304,84.63258446884353,1.5372889898712576,44.4896022522524,0.8081210816776762,0.6839337570613913,1009.0,854.0,55.46263579052565,0.0,0.3592386723463271,0.0,0.0,44.73923972070818,44.489602252252396
holyhead-p054-uk,Holyhead P054 Uk,53.308,-4.6312,3.315000057220459,0.6409171148649937,10.0,DeltaDTM:DeltaDTM_v1_1_N53W005.tif,DeltaDTM_v1_1_N53W005.tif,0,0,British-North-Sea,2.0,4,official_adaptive,True,resolved_local_ocean,0.0,100.63070269096804,38.39536631948196,3.054575752352544,2.1897527668678847,0.8648229854846594,7.955584345610581,71.68762356544609,5.703169358112871,38.15472345193917,3.0354312060534814,2.1760284965837,3571.0,2560.0,62.14466727910983,0.0590115239849079,0.0316575683913506,0.0,0.0,38.39536631948196,38.15472345193917
sheerness-p015-uk,Sheerness,51.442,0.74306,5.25600004196167,0.4927874549512442,10.0,DeltaDTM:DeltaDTM_v1_1_N51E000.tif,DeltaDTM_v1_1_N51E000.tif,0,0,eastern-Channel-southern-North-Sea,2.0,4,official_adaptive,True,resolved_local_ocean,0.0,100.61250241371246,47.6914455547565,21.8006432478019,20.36433158513328,1.436311662668622,45.71185250145477,93.41160879363758,42.70017683098357,47.40111259597956,21.667926673922675,20.2403588983369,24432.0,22822.0,52.498209406210265,0.0,0.4228474527456951,0.0,0.0,47.6914455547565,47.40111259597956
heysham-p050-uk,Heysham P050 Uk,54.032,-2.9204,6.624000072479248,0.1527296764442459,10.0,DeltaDTM:mosaic(2),DeltaDTM_v1_1_N53W003.tif;DeltaDTM_v1_1_N54W003.tif,0,0,British-North-Sea,2.0,4,official_adaptive,True,resolved_local_ocean,0.0,100.6515703922863,33.354197698754895,0.3748552041547957,0.3714909052891354,0.0033642988656602,1.123862152345487,99.10250709384016,1.113775569253171,33.13827848761621,0.372428569861165,0.3690860498661485,669.0,663.0,67.11519330653562,0.099750814339663,0.0824285726561127,0.0,0.0,33.354197698754895,33.13827848761621
northshields-p032-uk,Northshields P032 Uk,55.007,-1.4398,3.302000045776367,0.9356076661653266,10.0,DeltaDTM:mosaic(2),DeltaDTM_v1_1_N54W002.tif;DeltaDTM_v1_1_N55W002.tif,0,0,British-North-Sea,2.0,4,official_adaptive,True,resolved_local_ocean,0.0,100.59559381228638,67.75144468081132,0.1346448651225511,0.1028968740532931,0.031747991069258,0.19873357056353,76.42094183067314,0.151874066358375,67.35031039951613,0.13384767664257882,0.10228765510873265,246.0,188.0,30.38941173617387,2.4465293333753224,0.0082080619258667,0.0,0.0,67.75144468081132,67.35031039951613
whitby-p174-uk,Whitby P174 Uk,54.49,-0.61417,3.430999994277954,0.6840003931342477,10.0,DeltaDTM:DeltaDTM_v1_1_N54W001.tif,DeltaDTM_v1_1_N54W001.tif,0,0,British-North-Sea,2.0,4,official_adaptive,True,resolved_local_ocean,0.0,100.53277591807796,49.430425824667125,0.2219706154952352,0.1354913271798507,0.0864792883153844,0.4490566524402989,61.04020880311484,0.2741051182938361,49.16846806751555,0.22079427676016264,0.1347732875597305,267.0,163.0,50.83048606334997,0.2718640300608635,0.0,0.0,0.0,49.430425824667125,49.168468067515555
dover-p012-uk,Dover P012 Uk,51.117,1.3181,4.618000030517578,0.50788422881673,10.0,DeltaDTM:DeltaDTM_v1_1_N51E001.tif,DeltaDTM_v1_1_N51E001.tif,0,0,eastern-Channel-southern-North-Sea,2.0,4,official_adaptive,True,resolved_local_ocean,0.0,100.44831269784376,46.32071332044531,0.1320445145613024,0.1239613728417988,0.0080831417195036,0.2850658055453992,93.87847216042358,0.2676154228978248,46.113978499351774,0.13145518427820926,0.12340811857605226,147.0,138.0,54.12759937739845,0.0,0.0,0.0,0.0,46.32071332044531,46.113978499351774
ullapool-p043-uk,Ullapool P043 Uk,57.895,-5.1579,3.25600004196167,0.4910556156495481,10.0,DeltaDTM:DeltaDTM_v1_1_N57W006.tif,DeltaDTM_v1_1_N57W006.tif,0,0,Atlantic-Celtic,2.0,4,official_adaptive,True,resolved_local_ocean,0.0,100.66537440941732,79.3821572460733,0.2213236629747633,0.2190439214422346,0.0022797415325287,0.2788078211186573,98.96995129129566,0.2759359647574579,78.85745988806161,0.21986076570342375,0.21759609272534816,291.0,288.0,19.53475483838181,0.0,1.7484623249622198,0.0,0.0,79.3821572460733,78.85745988806161
newhaven-p011-uk,Newhaven P011 Uk,50.782,0.05703,4.261000156402588,0.5395065039179817,10.0,DeltaDTM:mosaic(2),DeltaDTM_v1_1_N50E000.tif;DeltaDTM_v1_1_N50W001.tif,326,0,eastern-Channel-southern-North-Sea,2.0,4,official_adaptive,True,resolved_local_ocean,0.0,100.48693449315492,53.67397835793359,3.1393359960610483,2.031467472886417,1.1078685231746317,5.84889753303897,64.71010033444385,3.784827462088329,53.41388771451658,3.1241235608345654,2.021623490788047,5207.0,3370.0,46.11763939271314,0.3895320784698863,0.1091370427209124,0.0,0.1966476213173283,53.67397835793349,53.41388771451658
calais,Calais France,50.969,1.8677,4.699999809265137,1.6681851084393278,10.0,DeltaDTM:mosaic(2),DeltaDTM_v1_1_N50E001.tif;DeltaDTM_v1_1_N51E001.tif,514,0,eastern-Channel-southern-North-Sea,2.0,4,official_adaptive,True,resolved_local_ocean,0.0,100.6721132997378,52.12370643769533,19.4930676106123,14.955355982078956,4.537711628533344,37.397700476102585,76.72140825047491,28.692042458560454,51.77571497133864,19.36292680434182,14.855510122799725,32424.0,24874.0,46.00978961684132,1.2978598872140044,0.931647155903164,0.0,0.3091102020839715,52.12370643769533,51.77571497133864
ilfracombe-p061-uk,Ilfracombe P061 Uk,51.21100000000001,-4.1109,5.764999866485596,0.7893686301624632,10.0,DeltaDTM:DeltaDTM_v1_1_N51W005.tif,DeltaDTM_v1_1_N51W005.tif,0,0,western-English-Channel,2.0,4,official_adaptive,True,resolved_local_ocean,0.0,100.53631708431308,48.26462464357762,0.0824781100564081,0.0824781100564081,0.0,0.170887292018717,100.0,0.170887292018717,48.00715407458313,0.08203812557330822,0.08203812557330822,92.0,92.0,52.27169244073545,0.0,0.0,0.0,0.0,48.26462464357762,48.00715407458313
felixstowe-p204-uk,Felixstowe P204 Uk,51.957,1.3484,3.75,0.8060091662253237,10.0,DeltaDTM:mosaic(2),DeltaDTM_v1_1_N51E001.tif;DeltaDTM_v1_1_N52E001.tif,0,0,eastern-Channel-southern-North-Sea,2.0,4,official_adaptive,True,resolved_local_ocean,0.0,100.6241925384244,39.66926590199232,11.042906751881384,10.628446821913156,0.4144599299682276,27.83743661696239,96.24682215216916,26.792648112450603,39.423189295997766,10.974405332658481,10.562516382781975,18792.0,18087.0,55.54918176543481,5.168946713761018,0.2367981572362729,0.0,0.0,39.66926590199232,39.42318929599777
leith-p034-uk,Leith P034 Uk,55.99,-3.1817,3.58899998664856,0.5189396857548381,10.0,DeltaDTM:mosaic(2),DeltaDTM_v1_1_N55W004.tif;DeltaDTM_v1_1_N56W004.tif,0,0,British-North-Sea,2.0,4,official_adaptive,True,resolved_local_ocean,0.0,100.55095692806738,36.077806348558674,0.1056573979439076,0.0875091806904092,0.0181482172534984,0.2928598178146402,82.8235243280048,0.2425568224546591,35.88012232878916,0.10507846088376194,0.08702968461355562,198.0,164.0,64.28202778469591,0.0,0.1911227948127733,0.0,0.0,36.077806348558674,35.88012232878916
tobermory-p223-uk,Tobermory P223 Uk,56.62300000000001,-6.0642,3.0910000801086426,0.4542674993488369,10.0,DeltaDTM:mosaic(2),DeltaDTM_v1_1_N56W006.tif;DeltaDTM_v1_1_N56W007.tif,0,0,Atlantic-Celtic,2.0,4,official_adaptive,True,resolved_local_ocean,0.0,100.6095769405417,53.852406684140846,0.2854984271073407,0.2839238764415712,0.0015745506657694,0.5301498014413123,99.44849059880198,0.5272259754459309,53.52612377643389,0.2837686389199954,0.2822036281986999,544.0,541.0,45.40396284037477,0.0,1.3532074160260843,0.0,0.0,53.852406684140846,53.52612377643389
cromer-p183-uk,Cromer P183 Uk,52.934,1.3016,3.740000009536743,0.4363097932395557,10.0,DeltaDTM:DeltaDTM_v1_1_N52E001.tif,DeltaDTM_v1_1_N52E001.tif,0,0,British-North-Sea,2.0,4,official_adaptive,True,resolved_local_ocean,0.0,100.6662331516361,45.20371344228606,0.1423136607528017,0.1423136607528017,0.0,0.3148273668589218,100.0,0.3148273668589218,44.90454448036668,0.14137179498753172,0.14137179498753172,165.0,165.0,55.43576231140318,0.0,0.0267573979468582,0.0,0.0,45.20371344228606,44.90454448036668
avonmouth-p060-uk,Avonmouth P060 Uk,51.511,-2.715,8.786999702453613,0.138408160140448,10.0,DeltaDTM:DeltaDTM_v1_1_N51W003.tif,DeltaDTM_v1_1_N51W003.tif,0,0,western-English-Channel,2.0,4,official_adaptive,True,resolved_context_ocean_connected_river,0.0,100.4606644512727,54.45693920103256,0.2476176705388595,0.2404948992844899,0.0071227712543696,0.4547036138493889,97.12348022704955,0.4416239744886909,54.20722578183452,0.2464822145974991,0.23939210495779586,278.0,270.0,0.0,45.05675028433162,0.9469749659085234,0.0,0.0,54.45693920103256,54.20722578183452
hinkleypoint-p003-uk,Hinkleypoint P003 Uk,51.215,-3.1343,7.734000205993652,0.6080124463089123,10.0,DeltaDTM:DeltaDTM_v1_1_N51W004.tif,DeltaDTM_v1_1_N51W004.tif,0,0,western-English-Channel,2.0,4,official_adaptive,True,resolved_local_ocean,0.0,100.52721994384478,39.51394690976025,0.0430352617200434,0.0430352617200434,0.0,0.1089115744836246,100.0,0.1089115744836246,39.30671407389264,0.04280956117565292,0.04280956117565292,48.0,48.0,60.99443035354576,0.0,0.0188426805387884,0.0,0.0,39.51394690976025,39.30671407389264
mumbles-p932-uk,Mumbles P932 Uk,51.57,-3.9754,5.824999809265137,0.1105824341088979,10.0,DeltaDTM:mosaic(2),DeltaDTM_v1_1_N51W004.tif;DeltaDTM_v1_1_N51W005.tif,326,0,western-English-Channel,2.0,4,official_adaptive,True,resolved_local_ocean,0.0,100.52389162612413,23.14762730782048,0.0480072605258024,0.0450451505040506,0.0029621100217518,0.2073960319448513,93.82987075432092,0.1945994287234441,23.026990831107938,0.047757065260022505,0.0448103926095359,81.0,76.0,76.80320407556084,0.0,0.3797450665386927,0.0,0.1933151762040848,23.14762730782048,23.026990831107934
devonport-p002-uk,Devonport P002 Uk,50.368,-4.1852,3.0480000972747803,0.2527009309996056,10.0,DeltaDTM:DeltaDTM_v1_1_N50W005.tif,DeltaDTM_v1_1_N50W005.tif,0,0,western-English-Channel,2.0,4,official_adaptive,True,resolved_local_ocean,0.0,100.58051562652668,65.64415531351735,0.6436156240695325,0.6153274771969335,0.028288146872599,0.9804614302607992,95.60480730816704,0.9373682611317358,65.26528016347199,0.639900899354495,0.6117760217910929,705.0,674.0,34.525954551327004,0.3830330121336445,0.0273727495486679,0.0,0.0,65.64415531351735,65.26528016347199
weymouth-p991-uk,Weymouth P991 Uk,50.608,-2.4479,1.9019999504089355,0.8387611058243979,10.0,DeltaDTM:DeltaDTM_v1_1_N50W003.tif,DeltaDTM_v1_1_N50W003.tif,0,0,western-English-Channel,2.0,4,official_adaptive,True,resolved_local_ocean,0.0,100.66307356723767,44.38503886744749,2.281143773219396,1.3504910347851722,0.930652738434224,5.1394430002232445,59.202363772065695,3.0426717408501323,44.0926720142323,2.2661177454468557,1.3415952711627812,2512.0,1487.0,55.86218888173488,0.1253270108480506,0.2905188072072793,0.0,0.0,44.38503886744749,44.09267201423231
barmouth-p923-uk,Barmouth P923 Uk,52.719,-4.0452,3.525000095367432,1.5441251059325087,10.0,DeltaDTM:mosaic(2),DeltaDTM_v1_1_N52W004.tif;DeltaDTM_v1_1_N52W005.tif,0,0,British-North-Sea,2.0,4,official_adaptive,True,resolved_local_ocean,0.0,100.60063934977194,60.04539814294937,4.018998244026714,3.5345509945371414,0.4844472494895728,6.693266042567879,87.94606964037398,5.8864644150122505,59.68689516393764,3.9950026858709276,3.5134478442508565,6954.0,6116.0,40.37662464774489,0.0,0.1786165590776905,0.0,0.0,60.04539814294937,59.686895163937635
portsmouth-p008-uk,Portsmouth P008 Uk,50.803,-1.1118,2.7669999599456787,0.68924288062033,10.0,DeltaDTM:DeltaDTM_v1_1_N50W002.tif,DeltaDTM_v1_1_N50W002.tif,0,0,western-English-Channel,2.0,4,official_adaptive,True,resolved_local_ocean,0.0,100.5401298749635,63.36461154010801,10.706128012053943,9.509831301370143,1.1962967106838,16.896068249826275,88.82605635448317,15.008111105282625,63.02419901278351,10.648611679106239,9.458741811052983,11842.0,10519.0,35.797022178718656,1.1117567788502467,0.2667393772865832,0.0,0.0,63.36461154010801,63.02419901278351
malin-head-834a-ireland,Malin Head 834a,55.367,-7.3333,2.555000066757202,0.3437271698171449,10.0,DeltaDTM:DeltaDTM_v1_1_N55W008.tif,DeltaDTM_v1_1_N55W008.tif,0,0,Atlantic-Celtic,2.0,4,official_adaptive,True,resolved_local_ocean,0.0,100.48574766375096,35.37875233155562,0.4213164293075904,0.4188771602636267,0.0024392690439637,1.1908741873064943,99.42103633414617,1.1839794584559575,35.20773159785931,0.4192797875350589,0.4168523099069617,518.0,515.0,65.09479149174331,0.0,0.0122038404520332,0.0,0.0,35.37875233155562,35.20773159785931
kinlochbervi-p918-uk,Kinlochbervi P918 Uk,58.457,-5.0504,3.151000022888184,2.3143094507348865,10.0,DeltaDTM:mosaic(2),DeltaDTM_v1_1_N58W005.tif;DeltaDTM_v1_1_N58W006.tif,326,0,Atlantic-Celtic,2.0,4,official_adaptive,True,resolved_local_ocean,0.0,100.55170407797704,71.0534849340186,0.5186609752134116,0.4901964730765165,0.0284645021368951,0.729958531513336,94.51192522722904,0.6898978614936632,70.66363080124151,0.5158152017107479,0.48750687775154267,1039.0,982.0,25.790533088922498,0.0,3.5449810322560347,0.0,0.1627050227798981,71.0534849340186,70.66363080124151
porterin-p919-uk,Porterin P919 Uk,54.085,-4.7681,3.640000104904175,0.4449054440314385,10.0,DeltaDTM:DeltaDTM_v1_1_N54W005.tif,DeltaDTM_v1_1_N54W005.tif,0,0,British-North-Sea,2.0,4,official_adaptive,True,resolved_local_ocean,0.0,100.7051858411738,33.31120903420126,0.7229360885908622,0.7229360885908622,0.0,2.170248722730568,100.0,2.170248722730568,33.07794802815588,0.7178737445865337,0.7178737445865337,861.0,861.0,67.39397680697255,0.0,0.0,0.0,0.0,33.31120903420126,33.07794802815588
workington-p217-uk,Workington P217 Uk,54.651,-3.5676,5.426000118255615,1.112541052229465,10.0,DeltaDTM:DeltaDTM_v1_1_N54W004.tif,DeltaDTM_v1_1_N54W004.tif,0,0,British-North-Sea,2.0,4,official_adaptive,True,resolved_local_ocean,0.0,100.6767123267183,44.18089024892522,0.3617803076576811,0.3617803076576811,0.0,0.8188615159616031,100.0,0.8188615159616031,43.8839223370231,0.3593485517123599,0.3593485517123599,437.0,437.0,55.99162540384974,0.3916101338361958,0.1125865401071507,0.0,0.0,44.18089024892522,43.8839223370231
sthelier-p074-uk,Sthelier P074 Uk,49.183,-2.1167,6.500999927520752,0.1134006952303961,10.0,DeltaDTM:DeltaDTM_v1_1_N49W003.tif,DeltaDTM_v1_1_N49W003.tif,0,0,western-English-Channel,2.0,4,official_adaptive,True,resolved_local_ocean,0.0,100.63097762002096,55.01710647849728,0.1253743814708469,0.1253743814708469,0.0,0.2278825432592459,100.0,0.2278825432592459,54.67213752631912,0.12458825744916854,0.12458825744916854,201.0,201.0,45.4910397373133,0.0,0.1228314042103873,0.0,0.0,55.01710647849728,54.672137526319126
gladstone-p234-uk,Gladstone P234 Uk,53.45,-3.018,5.577000141143799,0.7239068768526228,10.0,DeltaDTM:mosaic(2),DeltaDTM_v1_1_N53W003.tif;DeltaDTM_v1_1_N53W004.tif,326,0,British-North-Sea,2.0,4,official_adaptive,True,resolved_local_ocean,0.0,100.5734721519682,67.84176121368718,0.209740380324684,0.1392600232667154,0.0704803570579685,0.309161166473916,66.39638158905643,0.2052718278171993,67.45492599795814,0.20854443605940418,0.1384659595487478,369.0,245.0,24.44845482760867,6.084413240470434,2.0136246894432173,0.0,0.1852181807586891,67.84176121368718,67.45492599795813
llandudno-p007-uk,Llandudno P007 Uk,53.332,-3.8252,5.040999889373779,0.5884438931502196,10.0,DeltaDTM:DeltaDTM_v1_1_N53W004.tif,DeltaDTM_v1_1_N53W004.tif,0,0,British-North-Sea,2.0,4,official_adaptive,True,resolved_local_ocean,0.0,100.57373323262554,30.34735475753791,0.2505218097024591,0.10601990213685,0.144501907565609,0.8255144862015775,42.31962968125141,0.3493546735255928,30.174235142832902,0.24909268220461286,0.10541510067208856,293.0,124.0,69.55572536405404,0.6706531110335968,0.0,0.0,0.0,30.34735475753791,30.174235142832902
portellen-p202-uk,Portellen P202 Uk,55.627,-6.1901,1.437000036239624,0.0690480110244961,10.0,DeltaDTM:DeltaDTM_v1_1_N55W007.tif,DeltaDTM_v1_1_N55W007.tif,0,0,Atlantic-Celtic,2.0,4,official_adaptive,True,resolved_local_ocean,0.0,100.61469995731872,58.84918077137918,0.5664266424889235,0.5623902542956426,0.0040363881932808,0.9625055694307992,99.2873943613343,0.9556467004705635,58.489644948842766,0.5629660901729118,0.5589543620705637,701.0,696.0,41.31817170715231,0.0,0.4473474787872372,0.0,0.0,58.84918077137918,58.48964494884277
saint-malo,Saint Malo France,48.64100000000001,-2.0281,7.427999973297119,0.1294324044256098,10.0,DeltaDTM:mosaic(2),DeltaDTM_v1_1_N48W002.tif;DeltaDTM_v1_1_N48W003.tif,0,0,western-English-Channel,2.0,4,official_adaptive,True,resolved_local_ocean,0.0,100.49550180888087,55.0454178051336,0.2678105496546696,0.183339715522832,0.0844708341318375,0.486526509077915,68.4587353856078,0.3330698954304849,54.77401158692377,0.266490086455793,0.1824357431156487,425.0,291.0,34.96187083715059,10.009123791664551,0.4790893749321421,0.0,0.0,55.0454178051336,54.77401158692378
newport-p057-uk,Newport P057 Uk,51.55,-2.9874,8.60200023651123,0.7106021951361563,10.0,DeltaDTM:mosaic(2),DeltaDTM_v1_1_N51W003.tif;DeltaDTM_v1_1_N51W004.tif,0,0,western-English-Channel,2.0,4,official_adaptive,True,resolved_local_ocean,0.0,100.56810969649192,68.87688619496161,0.1127380229318625,0.1020594218577309,0.0106786010741315,0.1636804872577259,90.52795073354658,0.1481765908651031,68.48780036020129,0.11210116534167601,0.10148288773224401,190.0,172.0,27.96488145444048,2.8644693985462397,0.8618726485435904,0.0,0.0,68.87688619496161,68.48780036020129
portrush-p935-uk,Portrush P935 Uk,55.207,-6.6568,2.005000114440918,0.4513471141496154,10.0,DeltaDTM:DeltaDTM_v1_1_N55W007.tif,DeltaDTM_v1_1_N55W007.tif,0,0,Atlantic-Celtic,2.0,4,official_adaptive,True,resolved_local_ocean,0.0,100.62541708859716,42.1902055451467,0.470530811646052,0.3887853552434568,0.0817454564025952,1.1152607709923303,82.62697056615141,0.9215061889836662,41.92798078839237,0.46760632180214073,0.3863689378809182,576.0,476.0,58.27338440232682,0.1021862446157363,0.0596408965078933,0.0,0.0,42.1902055451467,41.92798078839236
bangor-p662-uk,Bangor P662 Uk,54.665,-5.6695,2.615000009536743,2.8109575972725023,10.0,DeltaDTM:DeltaDTM_v1_1_N54W006.tif,DeltaDTM_v1_1_N54W006.tif,0,0,Atlantic-Celtic,2.0,4,official_adaptive,True,resolved_local_ocean,0.0,100.64161557450478,57.31495510644673,0.9127146371586176,0.9127146371586176,0.0,1.5924545966467245,100.0,1.5924545966467245,56.94955787351862,0.9068958521268339,0.9068958521268339,1103.0,1103.0,43.04673585697845,0.0,0.2799246110796028,0.0,0.0,57.31495510644673,56.94955787351862
stmarys-p231-uk,Stmarys P231 Uk,49.918,-6.3164,3.371000051498413,0.4687108841051639,10.0,DeltaDTM:DeltaDTM_v1_1_N49W007.tif,DeltaDTM_v1_1_N49W007.tif,0,0,Atlantic-Celtic,2.0,4,official_adaptive,True,resolved_local_ocean,0.0,100.52991635091848,15.979316069220204,3.031464804085203,2.9111032876105467,0.1203615164746563,18.971179936320887,96.02959215253112,18.217946719371763,15.89508541262624,3.0154852546612174,2.895758191470881,4936.0,4740.0,84.43764524116001,0.0,0.1129550405382597,0.0,0.0,15.979316069220204,15.895085412626239
bournemouth-p988-uk,Bournemouth P988 Uk,50.714,-1.8749,1.3949999809265137,0.8253959847359706,10.0,DeltaDTM:DeltaDTM_v1_1_N50W002.tif,DeltaDTM_v1_1_N50W002.tif,0,0,western-English-Channel,2.0,4,official_adaptive,True,resolved_local_ocean,0.0,100.43587738147514,52.337798643438674,0.4621709650919621,0.3752046593106351,0.0869663057813269,0.8830538866194789,81.18308756933216,0.7168904100586826,52.11066006288715,0.4601652090283896,0.3735763246091178,510.0,414.0,48.082677680632905,0.0,0.0154010574035531,0.0,0.0,52.337798643438674,52.11066006288715
concarneau,Concarneau France,47.874,-3.9072,3.0350000858306885,1.3732495120914947,10.0,DeltaDTM:DeltaDTM_v1_1_N47W004.tif,DeltaDTM_v1_1_N47W004.tif,0,0,western-English-Channel,2.0,4,official_adaptive,True,resolved_local_ocean,0.0,100.55409526279,68.20685544952401,0.6516472499996259,0.6439670340149576,0.0076802159846682,0.9553984650148146,98.8214151161272,0.9441382831253974,67.83100705274201,0.6480564001859879,0.6404185054144257,1018.0,1006.0,32.05352183984987,0.2553363944529086,0.0383815789632106,0.0,0.0,68.20685544952401,67.83100705274201
le-crouesty,Le Crouesty France,47.543,-2.8952,3.13100004196167,0.1991009900528072,10.0,DeltaDTM:DeltaDTM_v1_1_N47W003.tif,DeltaDTM_v1_1_N47W003.tif,0,0,western-English-Channel,2.0,4,official_adaptive,True,resolved_local_ocean,0.0,100.56509893590558,27.099663445013597,1.233261056241182,0.4391035937942356,0.7941574624469465,4.550835322156392,35.6050806576643,1.62032858705126,26.947384064411214,1.2263310724003682,0.4366361674581507,1915.0,682.0,73.17296764137876,0.0,0.2924678495132329,0.0,0.0,27.099663445013597,26.94738406441122
morayfirth-p207-uk,Morayfirth P207 Uk,57.599,-4.0022,2.990000009536743,0.7044882331703156,10.0,DeltaDTM:mosaic(2),DeltaDTM_v1_1_N57W004.tif;DeltaDTM_v1_1_N57W005.tif,0,0,British-North-Sea,2.0,4,official_adaptive,True,resolved_local_ocean,0.0,100.6601829074117,37.755046808422826,1.562580698158977,1.447523214615027,0.1150574835439499,4.138733309186041,92.63670134416034,3.833986015061957,37.507429172019606,1.5523324645617378,1.4380295890645005,3056.0,2831.0,62.879571871574015,0.0,0.0255642274148709,0.0,0.0,37.755046808422826,37.507429172019606
harwich-p022-uk,Harwich P022 Uk,51.947,1.2845,3.861000061035156,0.4766645919401322,10.0,DeltaDTM:DeltaDTM_v1_1_N51E001.tif,DeltaDTM_v1_1_N51E001.tif,0,0,eastern-Channel-southern-North-Sea,2.0,4,official_adaptive,True,resolved_local_ocean,0.0,100.64631501729704,58.21849723967189,14.257789755739791,12.966200510910037,1.2915892448297566,24.49013703848077,90.9411678320632,22.271616626467065,57.84463865335405,14.166231275620426,12.882936159840199,16163.0,14698.0,30.905714636323854,11.28233853272603,0.2397646085752676,0.0,0.0,58.21849723967189,57.84463865335405
portbury-p341-uk,Portbury P341 Uk,51.5,-2.7285,8.73799991607666,0.4121404730238386,10.0,DeltaDTM:DeltaDTM_v1_1_N51W003.tif,DeltaDTM_v1_1_N51W003.tif,0,0,western-English-Channel,2.0,4,official_adaptive,True,resolved_context_ocean_connected_river,0.0,100.48455182434112,58.34741526792888,0.2236336336722955,0.218290774396506,0.0053428592757894,0.3832794180262814,97.61088741972566,0.3741224412326132,58.06605513843269,0.22255523820540446,0.2172381430113796,251.0,245.0,0.0,41.190161590503706,0.9469749659085236,0.0,0.0,58.34741526792888,58.06605513843268
