station_id,station,mask_source,marine_seed_resolved,marine_seed_status,marine_context_width_km,marine_context_source,marine_context_ocean_cells,marine_context_river_cells,window_area_km2,valid_area_km2,mask_lowland_area_km2,mask_reference_land_area_km2,land_cells,land_area_km2,ocean_cells,ocean_area_km2,lake_cells,lake_area_km2,river_cells,river_area_km2,outside_mask_support_cells,outside_mask_support_area_km2,clipped_255_cells,clipped_255_area_km2
esbjerg-130121-denmark,Esbjerg 130121 Denmark,DeltaDTM_v1_1_N55E008.tif,True,resolved_local_ocean,10.0,DeltaDTM_v1_1_N55E008.tif,49596,0,100.4961416723689,60.13010731729512,42.0611325913602,60.13010731729512,74132,60.13010731729512,49596,40.242717889744796,152,0.12331646532897514,0,0.0,0,0.0,0,0.0
denhelder-hel-nl,Denhelder Hel Nl,mask:mosaic(2),True,resolved_local_ocean,10.0,mask:mosaic(2),121819,1141,100.59431529242602,29.073792795122053,29.023194797385322,29.073792795122053,50581,29.073792795122053,121819,69.99077852988663,1521,0.8737928102200276,1141,0.6559511571973229,0,0.0,0,0.0
lerwick-p041-uk,Lerwick P041 Uk,DeltaDTM_v1_1_N60W002.tif,True,resolved_local_ocean,10.0,DeltaDTM_v1_1_N60W002.tif,44524,0,100.62130509110366,56.92591873147791,10.453513693964652,56.92591873147791,59945,56.92591873147791,44524,42.28876511276616,1481,1.4066212468595927,0,0.0,0,0.0,0,0.0
cuxhaven-germany,Cuxhaven Germany,DeltaDTM_v1_1_N53E008.tif,True,resolved_local_ocean,10.0,DeltaDTM_v1_1_N53E008.tif,62434,0,100.68343992408035,47.97352645201355,46.19897861625572,47.97352645201355,56826,47.97352645201355,62434,52.66262175195284,56,0.047291720113958685,0,0.0,0,0.0,0,0.0
delfzijl-del-nl,Delfzijl Del Nl,mask:mosaic(2),True,resolved_local_ocean,10.0,mask:mosaic(2),62218,2405,100.49533581312915,63.394710007631815,63.392432558176964,63.392432558176964,111222,63.392432558176964,62218,35.43521829424075,195,0.11110994348105772,2405,1.370816540681151,326,0.1857584765492221,0,0.0
portpatrick-p063-uk,Portpatrick P063 Uk,DeltaDTM_v1_1_N54W006.tif,True,resolved_local_ocean,10.0,DeltaDTM_v1_1_N54W006.tif,66733,0,100.46929786845766,45.42104078330847,0.9309922098746841,45.42104078330847,55139,45.42104078330847,66733,55.00542859674357,52,0.04282848840562081,0,0.0,0,0.0,0,0.0
newlyn-p001-uk,Newlyn,DeltaDTM_v1_1_N50W006.tif,True,resolved_local_ocean,10.0,DeltaDTM_v1_1_N50W006.tif,41743,0,100.54440488425749,61.93394318807579,4.416870773907014,61.93394318807579,67483,61.93394318807579,41743,38.325944740899985,310,0.2845169552817083,0,0.0,0,0.0,0,0.0
fishguard-p055-uk,Fishguard P055 Uk,mask:mosaic(4),True,resolved_local_ocean,10.0,mask:mosaic(4),83188,0,100.496212832297,40.6286118200529,1.2738871961471474,40.6286118200529,87112,51.17407962102951,83188,48.82271809423619,0,0.0,0,0.0,850,0.49941511703131064,0,0.0
hoekvanholla-hvh-nl,Hoek van Holland,mask:mosaic(2),True,resolved_local_ocean,10.0,mask:mosaic(2),42278,37456,100.57929871308197,53.45304071050628,53.45068958104698,53.45304071050628,90948,53.45304071050628,42278,24.830158419374023,468,0.2750895225724953,37456,22.021010060629177,0,0.0,0,0.0
milfordhaven-p056-uk,Milfordhaven P056 Uk,mask:mosaic(2),True,resolved_local_ocean,10.0,mask:mosaic(2),15662,22569,100.61725213407684,77.70270760413167,6.896577831244065,77.70270760413167,131425,77.70270760413167,15662,9.263506787449765,190,0.11231950185037755,22569,13.345964884066326,326,0.19275335657869125,0,0.0
tregde-006-norway,Tregde 006 Norway,mask:mosaic(2),True,resolved_local_ocean,10.0,mask:mosaic(2),100052,541,100.53654566131203,48.07282594164379,18.913942799109417,48.07282594164379,95131,48.07282594164379,100052,50.606660952085804,3136,1.5838459051420273,541,0.27321286244040466,0,0.0,0,0.0
lowestoft-p024-uk,Lowestoft P024 Uk,DeltaDTM_v1_1_N52E001.tif,True,resolved_local_ocean,10.0,DeltaDTM_v1_1_N52E001.tif,60073,622,100.59878908870212,47.27630776965928,33.03222418089376,47.27630776965928,54238,47.27630776965928,60073,52.369816328484504,471,0.4105127929337629,622,0.5421521976245709,0,0.0,0,0.0
wick-p035-uk,Wick P035 Uk,DeltaDTM_v1_1_N58W004.tif,True,resolved_local_ocean,10.0,DeltaDTM_v1_1_N58W004.tif,58655,99,100.5973544660625,55.683459061785825,9.590267960419691,55.683459061785825,74349,55.683459061785825,58655,43.9333703893201,1209,0.9063810391547316,99,0.07414397580184495,0,0.0,0,0.0
stornoway-p042-uk,Stornoway P042 Uk,DeltaDTM_v1_1_N58W007.tif,True,resolved_local_ocean,10.0,DeltaDTM_v1_1_N58W007.tif,36302,0,100.52536391210782,70.28727708840731,14.56902527710297,70.28727708840731,93239,70.28727708840731,36302,27.37666189701314,3793,2.8614249266873704,0,0.0,0,0.0,0,0.0
le-conquet,Le Conquet France,DeltaDTM_v1_1_N48W005.tif,True,resolved_local_ocean,10.0,DeltaDTM_v1_1_N48W005.tif,101061,1092,100.64263991857217,35.84920407602422,2.0538902168457875,35.84920407602422,56560,35.84920407602422,101061,64.07017353065535,49,0.03105328599158518,1092,0.6922090259010214,0,0.0,0,0.0
brest,Brest,DeltaDTM_v1_1_N48W005.tif,True,resolved_local_ocean,10.0,DeltaDTM_v1_1_N48W005.tif,58735,961,100.59543634506065,62.636263318855555,5.2456870661785935,62.636263318855555,98883,62.636263318855555,58735,37.23442020841672,183,0.11595720268973739,961,0.6087956150986344,0,0.0,0,0.0
port-tudy,Port Tudy France,DeltaDTM_v1_1_N47W004.tif,True,resolved_local_ocean,10.0,DeltaDTM_v1_1_N47W004.tif,132470,0,100.58051982042146,15.417579555925613,1.5333623076136156,15.417579555925613,23983,15.417579555925613,132470,85.14558617698232,27,0.0173540875135252,0,0.0,0,0.0,0,0.0
cherbourg,Cherbourg France,DeltaDTM_v1_1_N49W002.tif,True,resolved_local_ocean,10.0,DeltaDTM_v1_1_N49W002.tif,69347,0,100.48129346335188,57.660649063556335,14.153103782379373,57.660649063556335,93314,57.660649063556335,69347,42.812617756540476,13,0.008026643255063937,0,0.0,0,0.0,0,0.0
saint-nazaire,Saint Nazaire France,DeltaDTM_v1_1_N47W003.tif,True,resolved_local_ocean,10.0,DeltaDTM_v1_1_N47W003.tif,47600,19377,100.67097280733219,56.652887518225974,44.27758851437855,56.652887518225974,87526,56.652887518225974,47600,30.83024078717142,999,0.6465928087474999,19377,12.541251693187295,0,0.0,0,0.0
saint-gildas,Saint Gildas France,DeltaDTM_v1_1_N47W003.tif,True,resolved_local_ocean,10.0,DeltaDTM_v1_1_N47W003.tif,132349,0,100.48904841388062,14.601906545415694,6.260949548121516,14.601906545415694,22501,14.601906545415694,132349,85.88714186846494,0,0.0,0,0.0,0,0.0,0,0.0
le-havre,Le Havre France,DeltaDTM_v1_1_N49E000.tif,True,resolved_local_ocean,10.0,DeltaDTM_v1_1_N49E000.tif,69595,24070,100.62743792318436,42.29796397447385,19.60603479723085,42.29796397447385,68266,42.29796397447385,69595,43.14407089929399,417,0.2584033330455495,24070,14.926999716370961,0,0.0,0,0.0
dunkerque,Dunkerque France,DeltaDTM_v1_1_N51E002.tif,True,resolved_local_ocean,10.0,DeltaDTM_v1_1_N51E002.tif,49812,575,100.59861011050234,52.60741409663865,52.5633253498833,52.60741409663865,58448,52.60741409663865,49812,44.789884294893106,2983,2.6837792618010634,575,0.5175324571695239,0,0.0,0,0.0
roscoff,Roscoff France,mask:mosaic(2),True,resolved_local_ocean,10.0,mask:mosaic(2),115194,0,100.54719736499683,28.039641234832324,10.120854373303642,28.039641234832324,44532,28.039641234832324,115194,72.4987492766629,14,0.008806853501610118,0,0.0,0,0.0,0,0.0
boulogne-sur-mer,Boulogne Sur Mer,DeltaDTM_v1_1_N50E001.tif,True,resolved_local_ocean,10.0,DeltaDTM_v1_1_N50E001.tif,58758,724,100.70321746230594,46.825788907994536,9.50508940109998,46.825788907994536,51684,46.825788907994536,58758,53.22145830282474,0,0.0,724,0.6559702514866548,0,0.0,0,0.0
dieppe,Dieppe France,DeltaDTM_v1_1_N49E001.tif,True,resolved_local_ocean,10.0,DeltaDTM_v1_1_N49E001.tif,75239,0,100.50674833504858,54.07552862006931,11.291466427467304,54.07552862006931,88014,54.07552862006931,75239,46.18603584009766,399,0.2451838748816152,0,0.0,0,0.0,0,0.0
immingham-p026-uk,Immingham P026 Uk,mask:mosaic(2),True,resolved_context_ocean_connected_river,50.0,mask:mosaic(2),697327,461845,100.69759476177953,61.511323704805164,58.176047401264036,61.511323704805164,72473,61.511323704805164,0,0.0,452,0.38346321654411225,45739,38.802807840430255,0,0.0,0,0.0
aberdeen-p038-uk,Aberdeen,mask:mosaic(2),True,resolved_local_ocean,10.0,mask:mosaic(2),88625,2500,100.56937551929892,53.28492089218125,9.805486464062405,53.28492089218125,102939,53.28492089218125,88625,45.87032732529978,232,0.12019477032358658,2500,1.2939325314943066,0,0.0,0,0.0
millport-p049-uk,Millport P049 Uk,DeltaDTM_v1_1_N55W005.tif,True,resolved_local_ocean,10.0,DeltaDTM_v1_1_N55W005.tif,68867,0,100.56111418358014,44.73923972070818,10.527298657943682,44.73923972070818,55545,44.73923972070818,68867,55.46263579052565,446,0.3592386723463271,0,0.0,0,0.0,0,0.0
holyhead-p054-uk,Holyhead P054 Uk,DeltaDTM_v1_1_N53W005.tif,True,resolved_local_ocean,10.0,DeltaDTM_v1_1_N53W005.tif,72688,69,100.63070269096804,38.39536631948196,22.380143478694983,38.39536631948196,44892,38.39536631948196,72688,62.144667279109825,37,0.0316575683913506,69,0.059011523984907985,0,0.0,0,0.0
sheerness-p015-uk,Sheerness,DeltaDTM_v1_1_N51E000.tif,True,resolved_local_ocean,10.0,DeltaDTM_v1_1_N51E000.tif,58873,0,100.61250241371246,47.6914455547565,44.428717649400106,47.6914455547565,53449,47.6914455547565,58873,52.498209406210265,474,0.42284745274569513,0,0.0,0,0.0,0,0.0
heysham-p050-uk,Heysham P050 Uk,mask:mosaic(2),True,resolved_local_ocean,10.0,mask:mosaic(2),119775,178,100.6515703922863,33.354197698754895,29.88035626780576,33.354197698754895,59526,33.354197698754895,119775,67.11519330653562,147,0.08242857265611277,178,0.09975081433966301,0,0.0,0,0.0
northshields-p032-uk,Northshields P032 Uk,mask:mosaic(2),True,resolved_local_ocean,10.0,mask:mosaic(2),55564,4470,100.59559381228638,67.75144468081132,10.150581960926237,67.75144468081132,123815,67.75144468081132,55564,30.38941173617387,15,0.008208061925866721,4470,2.4465293333753224,0,0.0,0,0.0
whitby-p174-uk,Whitby P174 Uk,DeltaDTM_v1_1_N54W001.tif,True,resolved_local_ocean,10.0,DeltaDTM_v1_1_N54W001.tif,61181,327,100.53277591807797,49.430425824667125,2.7117925946439922,49.430425824667125,59438,49.430425824667125,61181,50.83048606334997,0,0.0,327,0.2718640300608635,0,0.0,0,0.0
dover-p012-uk,Dover P012 Uk,DeltaDTM_v1_1_N51E001.tif,True,resolved_local_ocean,10.0,DeltaDTM_v1_1_N51E001.tif,60230,0,100.44831269784376,46.32071332044531,2.2221272190472785,46.32071332044531,51588,46.32071332044531,60230,54.12759937739845,0,0.0,0,0.0,0,0.0,0,0.0
ullapool-p043-uk,Ullapool P043 Uk,DeltaDTM_v1_1_N57W006.tif,True,resolved_local_ocean,10.0,DeltaDTM_v1_1_N57W006.tif,25687,0,100.66537440941732,79.3821572460733,2.7044543619122168,79.3821572460733,104369,79.3821572460733,25687,19.53475483838181,2300,1.7484623249622198,0,0.0,0,0.0,0,0.0
newhaven-p011-uk,Newhaven P011 Uk,mask:mosaic(2),True,resolved_local_ocean,10.0,mask:mosaic(2),76415,646,100.48693449315476,53.67397835793349,10.870553098208035,53.67397835793349,89018,53.67397835793349,76415,46.11763939271314,181,0.10913704272091243,646,0.3895320784698863,326,0.1966476213173283,0,0.0
calais,Calais France,mask:mosaic(2),True,resolved_local_ocean,10.0,mask:mosaic(2),76620,2160,100.67211329973779,52.12370643769533,51.432774029188124,52.12370643769533,86720,52.12370643769533,76620,46.00978961684132,1550,0.9316471559031639,2160,1.2978598872140044,514,0.30911020208397155,0,0.0
ilfracombe-p061-uk,Ilfracombe P061 Uk,DeltaDTM_v1_1_N51W005.tif,True,resolved_local_ocean,10.0,DeltaDTM_v1_1_N51W005.tif,58334,0,100.53631708431308,48.26462464357762,0.6499731012066585,48.26462464357762,53810,48.26462464357762,58334,52.27169244073545,0,0.0,0,0.0,0,0.0,0,0.0
felixstowe-p204-uk,Felixstowe P204 Uk,mask:mosaic(2),True,resolved_local_ocean,10.0,mask:mosaic(2),94448,8794,100.62419253842441,39.66926590199232,22.747525137101718,39.66926590199232,67505,39.66926590199232,94448,55.54918176543481,403,0.23679815723627295,8794,5.168946713761018,0,0.0,0,0.0
cordemais,Cordemais France,mask:mosaic(2),True,resolved_context_ocean_connected_river,50.0,mask:mosaic(2),223134,91508,100.65195234985728,91.34924849517382,75.46703068311385,91.34924849517382,141132,91.34924849517382,0,0.0,473,0.3061837484055846,13897,8.99652010627787,0,0.0,0,0.0
le-pellerin,Le Pellerin France,mask:mosaic(4),True,resolved_context_ocean_connected_river,100.0,mask:mosaic(4),2022619,149489,100.57742850071489,95.95590337781698,59.84608280104734,95.95590337781698,148045,95.95590337781698,0,0.0,330,0.21395129719101663,6801,4.40757382570688,0,0.0,0,0.0
nantes-usine-brulee,Nantes Usine Brulee,mask:mosaic(6),True,resolved_context_ocean_connected_river,100.0,mask:mosaic(6),821274,147611,100.57953515792227,96.35611622429269,28.845703901671648,96.35611622429269,148660,96.35611622429269,0,0.0,120,0.07777550966699123,6396,4.145643423962564,0,0.0,0,0.0
leith-p034-uk,Leith P034 Uk,mask:mosaic(2),True,resolved_local_ocean,10.0,mask:mosaic(2),120509,0,100.55095692806738,36.077806348558674,7.795322628364543,36.077806348558674,67561,36.077806348558674,120509,64.28202778469591,358,0.19112279481277333,0,0.0,0,0.0,0,0.0
tobermory-p223-uk,Tobermory P223 Uk,mask:mosaic(2),True,resolved_local_ocean,10.0,mask:mosaic(2),86543,0,100.6095769405417,53.852406684140846,2.288892222023347,53.852406684140846,102569,53.852406684140846,86543,45.403962840374774,2576,1.3532074160260845,0,0.0,0,0.0,0,0.0
donges,Donges France,mask:mosaic(2),True,resolved_context_ocean_connected_river,25.0,mask:mosaic(2),77828,66946,100.5969871408636,74.36184426161036,73.23381163470495,74.36184426161036,114959,74.36184426161036,0,0.0,136,0.08796549967212634,40407,26.147177379581134,0,0.0,0,0.0
cromer-p183-uk,Cromer P183 Uk,DeltaDTM_v1_1_N52E001.tif,True,resolved_local_ocean,10.0,DeltaDTM_v1_1_N52E001.tif,64298,0,100.6662331516361,45.20371344228606,0.5736525909868904,45.20371344228606,52379,45.20371344228606,64298,55.43576231140318,31,0.026757397946858247,0,0.0,0,0.0,0,0.0
avonmouth-p060-uk,Avonmouth P060 Uk,DeltaDTM_v1_1_N51W003.tif,True,resolved_context_ocean_connected_river,25.0,DeltaDTM_v1_1_N51W003.tif,6094,177372,100.4606644512727,54.45693920103256,37.11894278343243,54.45693920103256,61125,54.45693920103256,0,0.0,1063,0.9469749659085234,50608,45.05675028433162,0,0.0,0,0.0
hinkleypoint-p003-uk,Hinkleypoint P003 Uk,DeltaDTM_v1_1_N51W004.tif,True,resolved_local_ocean,10.0,DeltaDTM_v1_1_N51W004.tif,68069,0,100.52721994384478,39.51394690976025,13.398025887664096,39.51394690976025,44054,39.51394690976025,68069,60.99443035354576,21,0.01884268053878849,0,0.0,0,0.0,0,0.0
mumbles-p932-uk,Mumbles P932 Uk,mask:mosaic(2),True,resolved_local_ocean,10.0,mask:mosaic(2),129498,0,100.52389162612411,23.15177703912707,2.630546946383743,23.147627307820482,39055,23.147627307820482,129498,76.80320407556084,641,0.3797450665386927,0,0.0,326,0.19331517620408484,0,0.0
devonport-p002-uk,Devonport P002 Uk,DeltaDTM_v1_1_N50W005.tif,True,resolved_local_ocean,10.0,DeltaDTM_v1_1_N50W005.tif,37811,420,100.58051562652668,65.64415531351735,11.599958209975089,65.64415531351735,71927,65.64415531351735,37811,34.525954551327004,30,0.027372749548667998,420,0.38303301213364455,0,0.0,0,0.0
weymouth-p991-uk,Weymouth P991 Uk,DeltaDTM_v1_1_N50W003.tif,True,resolved_local_ocean,10.0,DeltaDTM_v1_1_N50W003.tif,61491,138,100.66307356723769,44.385038867447484,14.638562700445926,44.385038867447484,48891,44.385038867447484,61491,55.86218888173488,320,0.2905188072072793,138,0.1253270108480506,0,0.0,0,0.0
barmouth-p923-uk,Barmouth P923 Uk,mask:mosaic(2),True,resolved_local_ocean,10.0,mask:mosaic(2),69865,0,100.60063934977194,60.04539814294937,8.6894184268925,60.04539814294937,103910,60.04539814294937,69865,40.37662464774489,309,0.17861655907769058,0,0.0,0,0.0,0,0.0
portsmouth-p008-uk,Portsmouth P008 Uk,DeltaDTM_v1_1_N50W002.tif,True,resolved_local_ocean,10.0,DeltaDTM_v1_1_N50W002.tif,39563,1230,100.5401298749635,63.36461154010801,62.71309365245595,63.36461154010801,70078,63.36461154010801,39563,35.797022178718656,295,0.26673937728658326,1230,1.1117567788502467,0,0.0,0,0.0
malin-head-834a-ireland,Malin Head 834a,DeltaDTM_v1_1_N55W008.tif,True,resolved_local_ocean,10.0,DeltaDTM_v1_1_N55W008.tif,80058,0,100.48574766375096,35.37875233155562,3.677496429161704,35.37875233155562,43481,35.37875233155562,80058,65.09479149174331,15,0.012203840452033286,0,0.0,0,0.0,0,0.0
kinlochbervi-p918-uk,Kinlochbervi P918 Uk,mask:mosaic(2),True,resolved_local_ocean,10.0,mask:mosaic(2),51667,0,100.55170407797704,71.05448393635511,4.015605839486442,71.0534849340186,142373,71.0534849340186,51667,25.790533088922498,7102,3.5449810322560347,0,0.0,326,0.16270502277989812,0,0.0
porterin-p919-uk,Porterin P919 Uk,DeltaDTM_v1_1_N54W005.tif,True,resolved_local_ocean,10.0,DeltaDTM_v1_1_N54W005.tif,80278,0,100.7051858411738,33.31120903420126,2.759722705950673,33.31120903420126,39690,33.31120903420126,80278,67.39397680697255,0,0.0,0,0.0,0,0.0,0,0.0
workington-p217-uk,Workington P217 Uk,DeltaDTM_v1_1_N54W004.tif,True,resolved_local_ocean,10.0,DeltaDTM_v1_1_N54W004.tif,67635,473,100.6767123267183,44.18089024892522,9.360007797996479,44.18089024892522,53354,44.18089024892522,67635,55.99162540384974,136,0.11258654010715072,473,0.3916101338361958,0,0.0,0,0.0
sthelier-p074-uk,Sthelier P074 Uk,DeltaDTM_v1_1_N49W003.tif,True,resolved_local_ocean,10.0,DeltaDTM_v1_1_N49W003.tif,72915,0,100.63097762002096,55.017106478497276,7.885208435288687,55.017106478497276,88258,55.017106478497276,72915,45.4910397373133,197,0.12283140421038731,0,0.0,0,0.0,0,0.0
gladstone-p234-uk,Gladstone P234 Uk,mask:mosaic(2),True,resolved_local_ocean,10.0,mask:mosaic(2),43044,10703,100.57347215196819,67.84289798235169,25.619988506705404,67.84176121368718,119401,67.84176121368718,43044,24.44845482760867,3544,2.0136246894432173,10703,6.084413240470434,326,0.18521818075868912,0,0.0
llandudno-p007-uk,Llandudno P007 Uk,DeltaDTM_v1_1_N53W004.tif,True,resolved_local_ocean,10.0,DeltaDTM_v1_1_N53W004.tif,81410,784,100.57373323262554,30.34735475753791,10.721062954364115,30.34735475753791,35492,30.34735475753791,81410,69.55572536405404,0,0.0,784,0.6706531110335968,0,0.0,0,0.0
portellen-p202-uk,Portellen P202 Uk,DeltaDTM_v1_1_N55W007.tif,True,resolved_local_ocean,10.0,DeltaDTM_v1_1_N55W007.tif,51112,0,100.61469995731873,58.84918077137918,9.785344960808112,58.84918077137918,72866,58.84918077137918,51112,41.31817170715231,554,0.44734747878723724,0,0.0,0,0.0,0,0.0
saint-malo,Saint Malo France,mask:mosaic(2),True,resolved_local_ocean,10.0,mask:mosaic(2),55487,15872,100.49550180888089,55.0454178051336,10.121659161410921,55.0454178051336,87295,55.0454178051336,55487,34.96187083715059,760,0.4790893749321421,15872,10.009123791664553,0,0.0,0,0.0
newport-p057-uk,Newport P057 Uk,mask:mosaic(2),True,resolved_local_ocean,10.0,mask:mosaic(2),47106,4829,100.56810969649192,68.87688619496161,49.37632285595635,68.87688619496161,116132,68.87688619496161,47106,27.96488145444048,1453,0.8618726485435904,4829,2.8644693985462393,0,0.0,0,0.0
portrush-p935-uk,Portrush P935 Uk,DeltaDTM_v1_1_N55W007.tif,True,resolved_local_ocean,10.0,DeltaDTM_v1_1_N55W007.tif,71395,125,100.62541708859715,42.1902055451467,4.6143223714535075,42.1902055451467,51635,42.1902055451467,71395,58.27338440232682,73,0.059640896507893365,125,0.10218624461573632,0,0.0,0,0.0
bangor-p662-uk,Bangor P662 Uk,DeltaDTM_v1_1_N54W006.tif,True,resolved_local_ocean,10.0,DeltaDTM_v1_1_N54W006.tif,52043,0,100.64161557450478,57.31495510644673,4.852844089564865,57.31495510644673,69217,57.31495510644673,52043,43.04673585697845,338,0.2799246110796028,0,0.0,0,0.0,0,0.0
stmarys-p231-uk,Stmarys P231 Uk,DeltaDTM_v1_1_N49W007.tif,True,resolved_local_ocean,10.0,DeltaDTM_v1_1_N49W007.tif,137449,0,100.52991635091848,15.979316069220204,9.645633016974283,15.979316069220204,26019,15.979316069220204,137449,84.43764524116001,184,0.11295504053825974,0,0.0,0,0.0,0,0.0
bournemouth-p988-uk,Bournemouth P988 Uk,DeltaDTM_v1_1_N50W002.tif,True,resolved_local_ocean,10.0,DeltaDTM_v1_1_N50W002.tif,53038,0,100.43587738147514,52.337798643438674,9.870866458398114,52.337798643438674,57785,52.337798643438674,53038,48.082677680632905,17,0.015401057403553185,0,0.0,0,0.0,0,0.0
concarneau,Concarneau France,DeltaDTM_v1_1_N47W004.tif,True,resolved_local_ocean,10.0,DeltaDTM_v1_1_N47W004.tif,50072,399,100.55409526279,68.20685544952401,11.787101409254323,68.20685544952401,106601,68.20685544952401,50072,32.05352183984987,60,0.03838157896321061,399,0.2553363944529086,0,0.0,0,0.0
le-crouesty,Le Crouesty France,DeltaDTM_v1_1_N47W003.tif,True,resolved_local_ocean,10.0,DeltaDTM_v1_1_N47W003.tif,113619,0,100.56509893590558,27.099663445013594,21.90972020380216,27.099663445013594,42081,27.099663445013594,113619,73.17296764137876,454,0.29246784951323296,0,0.0,0,0.0,0,0.0
morayfirth-p207-uk,Morayfirth P207 Uk,mask:mosaic(2),True,resolved_local_ocean,10.0,mask:mosaic(2),123039,0,100.6601829074117,37.755046808422826,19.08665237643373,37.755046808422826,73815,37.755046808422826,123039,62.879571871574015,50,0.025564227414870976,0,0.0,0,0.0,0,0.0
harwich-p022-uk,Harwich P022 Uk,DeltaDTM_v1_1_N51E001.tif,True,resolved_local_ocean,10.0,DeltaDTM_v1_1_N51E001.tif,35019,12794,100.64631501729704,58.21849723967189,33.38492114705641,58.21849723967189,66015,58.21849723967189,35019,30.905714636323854,272,0.23976460857526768,12794,11.28233853272603,0,0.0,0,0.0
portbury-p341-uk,Portbury P341 Uk,DeltaDTM_v1_1_N51W003.tif,True,resolved_context_ocean_connected_river,25.0,DeltaDTM_v1_1_N51W003.tif,18622,174835,100.48455182434111,58.34741526792888,33.50614229451004,58.34741526792888,65475,58.34741526792888,0,0.0,1063,0.9469749659085236,46258,41.190161590503706,0,0.0,0,0.0
montoir-de-bretagne,Montoir De Bretagne,DeltaDTM_v1_1_N47W003.tif,True,resolved_local_ocean,10.0,DeltaDTM_v1_1_N47W003.tif,53,43911,100.5969871408636,72.05903425025726,70.93229651226093,72.05903425025726,111402,72.05903425025726,53,0.0343156041062062,136,0.08796549967212634,43911,28.415671786828028,0,0.0,0,0.0
paimboeuf,Paimboeuf France,mask:mosaic(2),True,resolved_context_ocean_connected_river,50.0,mask:mosaic(2),454993,88540,100.63319997963146,86.8934781732328,69.69289725105445,86.8934781732328,134269,86.8934781732328,0,0.0,355,0.22975560421060087,20878,13.509966202188057,0,0.0,0,0.0
