terrain_metric,terrain_metric_label,omitted_station_id,omitted_station,omitted_sector,full_spearman,leave_one_out_spearman,delta_spearman,full_kendall,leave_one_out_kendall,delta_kendall
below_reference_land_pct,lowland_prevalence,esbjerg-130121-denmark,Esbjerg 130121 Denmark,Denmark-Norway,-0.30927205405199065,-0.31762311437465085,-0.008351060322660198,-0.18788410886742754,-0.1940298507462687,-0.006145741878841149
below_reference_land_pct,lowland_prevalence,denhelder-hel-nl,Denhelder Hel Nl,Dutch-German-Bight,-0.30927205405199065,-0.2900869981642589,0.019185055887731728,-0.18788410886742754,-0.17322478516508372,0.014659323702343824
below_reference_land_pct,lowland_prevalence,lerwick-p041-uk,Lerwick P041 Uk,British-North-Sea,-0.30927205405199065,-0.30820496448240087,0.0010670895695897853,-0.18788410886742754,-0.1858887381275441,0.0019953707398834286
below_reference_land_pct,lowland_prevalence,cuxhaven-germany,Cuxhaven Germany,Denmark-Norway,-0.30927205405199065,-0.3351823768856254,-0.025910322833634758,-0.18788410886742754,-0.2066938037087291,-0.018809694841301572
below_reference_land_pct,lowland_prevalence,delfzijl-del-nl,Delfzijl Del Nl,Dutch-German-Bight,-0.30927205405199065,-0.3286774682736053,-0.019405414221614625,-0.18788410886742754,-0.20126639529624607,-0.01338228642881853
below_reference_land_pct,lowland_prevalence,portpatrick-p063-uk,Portpatrick P063 Uk,Atlantic-Celtic,-0.30927205405199065,-0.31790246627823454,-0.008630412226243889,-0.18788410886742754,-0.19222071460877435,-0.004336605741346811
below_reference_land_pct,lowland_prevalence,newlyn-p001-uk,Newlyn,Atlantic-Celtic,-0.30927205405199065,-0.3151089472423977,-0.005836893190407033,-0.18788410886742754,-0.18860244233378565,-0.0007183334663581065
below_reference_land_pct,lowland_prevalence,fishguard-p055-uk,Fishguard P055 Uk,British-North-Sea,-0.30927205405199065,-0.3333466358049326,-0.02407458175294197,-0.18788410886742754,-0.2039800995024876,-0.016095990635060065
below_reference_land_pct,lowland_prevalence,hoekvanholla-hvh-nl,Hoek van Holland,Dutch-German-Bight,-0.30927205405199065,-0.3162263548567324,-0.006954300804741742,-0.18788410886742754,-0.19222071460877435,-0.004336605741346811
below_reference_land_pct,lowland_prevalence,milfordhaven-p056-uk,Milfordhaven P056 Uk,Atlantic-Celtic,-0.30927205405199065,-0.30146061138159475,0.007811442670395907,-0.18788410886742754,-0.18317503392130263,0.004709074946124908
below_reference_land_pct,lowland_prevalence,tregde-006-norway,Tregde 006 Norway,Dutch-German-Bight,-0.30927205405199065,-0.30094181498922506,0.008330239062765588,-0.18788410886742754,-0.17865219357756673,0.00923191528986081
below_reference_land_pct,lowland_prevalence,lowestoft-p024-uk,Lowestoft P024 Uk,British-North-Sea,-0.30927205405199065,-0.2999441296192833,0.009327924432707357,-0.18788410886742754,-0.1795567616463139,0.00832734722111364
below_reference_land_pct,lowland_prevalence,wick-p035-uk,Wick P035 Uk,British-North-Sea,-0.30927205405199065,-0.30976135365950996,-0.0004892996075193112,-0.18788410886742754,-0.18950701040253282,-0.0016229015351052756
below_reference_land_pct,lowland_prevalence,stornoway-p042-uk,Stornoway P042 Uk,Atlantic-Celtic,-0.30927205405199065,-0.3082847793119962,0.000987274739994437,-0.18788410886742754,-0.18860244233378565,-0.0007183334663581065
below_reference_land_pct,lowland_prevalence,le-conquet,Le Conquet France,western-English-Channel,-0.30927205405199065,-0.3044137600766223,0.004858293975368355,-0.18788410886742754,-0.18407960199004977,0.003804506877377767
below_reference_land_pct,lowland_prevalence,brest,Brest,western-English-Channel,-0.30927205405199065,-0.3000638518636763,0.009208202188314363,-0.18788410886742754,-0.18227046585255544,0.005613643014872105
below_reference_land_pct,lowland_prevalence,port-tudy,Port Tudy France,western-English-Channel,-0.30927205405199065,-0.3101604278074867,-0.0008883737554960525,-0.18788410886742754,-0.18769787426503848,0.00018623460238906264
below_reference_land_pct,lowland_prevalence,cherbourg,Cherbourg France,western-English-Channel,-0.30927205405199065,-0.3116769095697981,-0.002404855517807447,-0.18788410886742754,-0.18769787426503848,0.00018623460238906264
below_reference_land_pct,lowland_prevalence,saint-nazaire,Saint Nazaire France,western-English-Channel,-0.30927205405199065,-0.31463005826482565,-0.005358004212834999,-0.18788410886742754,-0.1931252826775215,-0.005241173810093952
below_reference_land_pct,lowland_prevalence,saint-gildas,Saint Gildas France,western-English-Channel,-0.30927205405199065,-0.3124351504509538,-0.003163096398963172,-0.18788410886742754,-0.1931252826775215,-0.005241173810093952
below_reference_land_pct,lowland_prevalence,le-havre,Le Havre France,eastern-Channel-southern-North-Sea,-0.30927205405199065,-0.31933913321095064,-0.01006707915895999,-0.18788410886742754,-0.19222071460877435,-0.004336605741346811
below_reference_land_pct,lowland_prevalence,dunkerque,Dunkerque France,eastern-Channel-southern-North-Sea,-0.30927205405199065,-0.3318700614574188,-0.022598007405428167,-0.18788410886742754,-0.20578923563998194,-0.017905126772554403
below_reference_land_pct,lowland_prevalence,roscoff,Roscoff France,western-English-Channel,-0.30927205405199065,-0.2979886662941975,0.01128338775779314,-0.18788410886742754,-0.1795567616463139,0.00832734722111364
below_reference_land_pct,lowland_prevalence,boulogne-sur-mer,Boulogne Sur Mer,eastern-Channel-southern-North-Sea,-0.30927205405199065,-0.29742996248703013,0.011842091564960522,-0.18788410886742754,-0.18136589778380824,0.006518211083619302
below_reference_land_pct,lowland_prevalence,dieppe,Dieppe France,eastern-Channel-southern-North-Sea,-0.30927205405199065,-0.286215978928885,0.023056075123105646,-0.18788410886742754,-0.17232021709633652,0.01556389177109102
below_reference_land_pct,lowland_prevalence,immingham-p026-uk,Immingham P026 Uk,British-North-Sea,-0.30927205405199065,-0.33135126506504914,-0.022079211013058486,-0.18788410886742754,-0.2039800995024876,-0.016095990635060065
below_reference_land_pct,lowland_prevalence,aberdeen-p038-uk,Aberdeen,British-North-Sea,-0.30927205405199065,-0.30876366828956825,0.0005083857624224031,-0.18788410886742754,-0.1867933061962913,0.0010908026711362317
below_reference_land_pct,lowland_prevalence,millport-p049-uk,Millport P049 Uk,British-North-Sea,-0.30927205405199065,-0.3087237608747706,0.0005482931772200494,-0.18788410886742754,-0.18860244233378565,-0.0007183334663581065
below_reference_land_pct,lowland_prevalence,holyhead-p054-uk,Holyhead P054 Uk,British-North-Sea,-0.30927205405199065,-0.31678505866389983,-0.00751300461190918,-0.18788410886742754,-0.19493441881501586,-0.007050309947588318
below_reference_land_pct,lowland_prevalence,sheerness-p015-uk,Sheerness,eastern-Channel-southern-North-Sea,-0.30927205405199065,-0.33741719211429494,-0.028145138062304287,-0.18788410886742754,-0.20850293984622345,-0.02061883097879591
below_reference_land_pct,lowland_prevalence,heysham-p050-uk,Heysham P050 Uk,British-North-Sea,-0.30927205405199065,-0.30896320536355665,0.0003088486884340047,-0.18788410886742754,-0.18860244233378565,-0.0007183334663581065
below_reference_land_pct,lowland_prevalence,northshields-p032-uk,Northshields P032 Uk,British-North-Sea,-0.30927205405199065,-0.324726634208636,-0.015454580156645359,-0.18788410886742754,-0.1967435549525102,-0.008859446085082656
below_reference_land_pct,lowland_prevalence,whitby-p174-uk,Whitby P174 Uk,British-North-Sea,-0.30927205405199065,-0.31008061297789136,-0.0008085589259007042,-0.18788410886742754,-0.1858887381275441,0.0019953707398834286
below_reference_land_pct,lowland_prevalence,dover-p012-uk,Dover P012 Uk,eastern-Channel-southern-North-Sea,-0.30927205405199065,-0.29651209194668376,0.012759962105306888,-0.18788410886742754,-0.17865219357756673,0.00923191528986081
below_reference_land_pct,lowland_prevalence,ullapool-p043-uk,Ullapool P043 Uk,Atlantic-Celtic,-0.30927205405199065,-0.3243275600606593,-0.015055506008668673,-0.18788410886742754,-0.1967435549525102,-0.008859446085082656
below_reference_land_pct,lowland_prevalence,newhaven-p011-uk,Newhaven P011 Uk,eastern-Channel-southern-North-Sea,-0.30927205405199065,-0.3213744113656318,-0.012102357313641121,-0.18788410886742754,-0.19493441881501586,-0.007050309947588318
below_reference_land_pct,lowland_prevalence,calais,Calais France,eastern-Channel-southern-North-Sea,-0.30927205405199065,-0.3345438582488627,-0.025271804196872028,-0.18788410886742754,-0.2066938037087291,-0.018809694841301572
below_reference_land_pct,lowland_prevalence,ilfracombe-p061-uk,Ilfracombe P061 Uk,western-English-Channel,-0.30927205405199065,-0.2815468113975577,0.027725242654432936,-0.18788410886742754,-0.16960651289009498,0.018277595977332556
below_reference_land_pct,lowland_prevalence,felixstowe-p204-uk,Felixstowe P204 Uk,eastern-Channel-southern-North-Sea,-0.30927205405199065,-0.32648256045973345,-0.0172105064077428,-0.18788410886742754,-0.20126639529624607,-0.01338228642881853
below_reference_land_pct,lowland_prevalence,leith-p034-uk,Leith P034 Uk,British-North-Sea,-0.30927205405199065,-0.31107829834783307,-0.0018062442958424185,-0.18788410886742754,-0.18860244233378565,-0.0007183334663581065
below_reference_land_pct,lowland_prevalence,tobermory-p223-uk,Tobermory P223 Uk,Atlantic-Celtic,-0.30927205405199065,-0.3153882991459814,-0.006116245093990724,-0.18788410886742754,-0.18860244233378565,-0.0007183334663581065
below_reference_land_pct,lowland_prevalence,cromer-p183-uk,Cromer P183 Uk,British-North-Sea,-0.30927205405199065,-0.3081251496528055,0.0011469043991851335,-0.18788410886742754,-0.1858887381275441,0.0019953707398834286
below_reference_land_pct,lowland_prevalence,avonmouth-p060-uk,Avonmouth P060 Uk,western-English-Channel,-0.30927205405199065,-0.2921222763189401,0.017149777733050542,-0.18788410886742754,-0.17865219357756673,0.00923191528986081
below_reference_land_pct,lowland_prevalence,hinkleypoint-p003-uk,Hinkleypoint P003 Uk,western-English-Channel,-0.30927205405199065,-0.27915236650969755,0.030119687542293105,-0.18788410886742754,-0.1659882406151063,0.021895868252321232
below_reference_land_pct,lowland_prevalence,mumbles-p932-uk,Mumbles P932 Uk,western-English-Channel,-0.30927205405199065,-0.2827839412562855,0.026488112795705177,-0.18788410886742754,-0.17051108095884218,0.01737302790858536
below_reference_land_pct,lowland_prevalence,devonport-p002-uk,Devonport P002 Uk,western-English-Channel,-0.30927205405199065,-0.3107989464442494,-0.0015268923922587274,-0.18788410886742754,-0.1867933061962913,0.0010908026711362317
below_reference_land_pct,lowland_prevalence,weymouth-p991-uk,Weymouth P991 Uk,western-English-Channel,-0.30927205405199065,-0.3044137600766223,0.004858293975368355,-0.18788410886742754,-0.18227046585255544,0.005613643014872105
below_reference_land_pct,lowland_prevalence,barmouth-p923-uk,Barmouth P923 Uk,British-North-Sea,-0.30927205405199065,-0.31890015164817626,-0.009628097596185603,-0.18788410886742754,-0.1940298507462687,-0.006145741878841149
below_reference_land_pct,lowland_prevalence,portsmouth-p008-uk,Portsmouth P008 Uk,western-English-Channel,-0.30927205405199065,-0.3022587596775481,0.007013294374442536,-0.18788410886742754,-0.18227046585255544,0.005613643014872105
below_reference_land_pct,lowland_prevalence,malin-head-834a-ireland,Malin Head 834a,Atlantic-Celtic,-0.30927205405199065,-0.3113177428366191,-0.0020456887846284633,-0.18788410886742754,-0.19131614654002715,-0.003432037672599614
below_reference_land_pct,lowland_prevalence,kinlochbervi-p918-uk,Kinlochbervi P918 Uk,Atlantic-Celtic,-0.30927205405199065,-0.3137920025540746,-0.004519948502083926,-0.18788410886742754,-0.18769787426503848,0.00018623460238906264
below_reference_land_pct,lowland_prevalence,porterin-p919-uk,Porterin P919 Uk,British-North-Sea,-0.30927205405199065,-0.31486950275361164,-0.005597448701620988,-0.18788410886742754,-0.19041157847128,-0.0025274696038524724
below_reference_land_pct,lowland_prevalence,workington-p217-uk,Workington P217 Uk,British-North-Sea,-0.30927205405199065,-0.29443690637720493,0.01483514767478572,-0.18788410886742754,-0.17774762550881956,0.010136483358607978
below_reference_land_pct,lowland_prevalence,sthelier-p074-uk,Sthelier P074 Uk,western-English-Channel,-0.30927205405199065,-0.2843403304333945,0.024931723618596136,-0.18788410886742754,-0.17051108095884218,0.01737302790858536
below_reference_land_pct,lowland_prevalence,gladstone-p234-uk,Gladstone P234 Uk,British-North-Sea,-0.30927205405199065,-0.2872934791284221,0.021978574923568528,-0.18788410886742754,-0.17232021709633652,0.01556389177109102
below_reference_land_pct,lowland_prevalence,llandudno-p007-uk,Llandudno P007 Uk,British-North-Sea,-0.30927205405199065,-0.2959533881395163,0.013318665912474326,-0.18788410886742754,-0.17865219357756673,0.00923191528986081
below_reference_land_pct,lowland_prevalence,portellen-p202-uk,Portellen P202 Uk,Atlantic-Celtic,-0.30927205405199065,-0.31638598451592315,-0.007113930463932494,-0.18788410886742754,-0.1967435549525102,-0.008859446085082656
below_reference_land_pct,lowland_prevalence,saint-malo,Saint Malo France,western-English-Channel,-0.30927205405199065,-0.29144385026737973,0.01782820378461092,-0.18788410886742754,-0.1768430574400724,0.011041051427355147
below_reference_land_pct,lowland_prevalence,newport-p057-uk,Newport P057 Uk,western-English-Channel,-0.30927205405199065,-0.27915236650969755,0.030119687542293105,-0.18788410886742754,-0.1659882406151063,0.021895868252321232
below_reference_land_pct,lowland_prevalence,portrush-p935-uk,Portrush P935 Uk,Atlantic-Celtic,-0.30927205405199065,-0.31463005826482565,-0.005358004212834999,-0.18788410886742754,-0.1940298507462687,-0.006145741878841149
below_reference_land_pct,lowland_prevalence,bangor-p662-uk,Bangor P662 Uk,Atlantic-Celtic,-0.30927205405199065,-0.30976135365950996,-0.0004892996075193112,-0.18788410886742754,-0.18950701040253282,-0.0016229015351052756
below_reference_land_pct,lowland_prevalence,stmarys-p231-uk,Stmarys P231 Uk,Atlantic-Celtic,-0.30927205405199065,-0.3198579296033203,-0.010585875551329671,-0.18788410886742754,-0.1976481230212574,-0.009764014153829853
below_reference_land_pct,lowland_prevalence,bournemouth-p988-uk,Bournemouth P988 Uk,western-English-Channel,-0.30927205405199065,-0.3212546891212387,-0.011982635069248071,-0.18788410886742754,-0.19945725915875173,-0.011573150291324191
below_reference_land_pct,lowland_prevalence,concarneau,Concarneau France,western-English-Channel,-0.30927205405199065,-0.310120520392689,-0.0008484663406983506,-0.18788410886742754,-0.1858887381275441,0.0019953707398834286
below_reference_land_pct,lowland_prevalence,le-crouesty,Le Crouesty France,western-English-Channel,-0.30927205405199065,-0.31151727991060746,-0.002245225858616806,-0.18788410886742754,-0.19222071460877435,-0.004336605741346811
below_reference_land_pct,lowland_prevalence,morayfirth-p207-uk,Morayfirth P207 Uk,British-North-Sea,-0.30927205405199065,-0.3074467236012452,0.0018253304507454549,-0.18788410886742754,-0.18860244233378565,-0.0007183334663581065
below_reference_land_pct,lowland_prevalence,harwich-p022-uk,Harwich P022 Uk,eastern-Channel-southern-North-Sea,-0.30927205405199065,-0.32648256045973345,-0.0172105064077428,-0.18788410886742754,-0.20126639529624607,-0.01338228642881853
below_reference_land_pct,lowland_prevalence,portbury-p341-uk,Portbury P341 Uk,western-English-Channel,-0.30927205405199065,-0.28932875728310326,0.019943296768887397,-0.18788410886742754,-0.1768430574400724,0.011041051427355147
conditional_connectivity_pct,conditional_connectivity,esbjerg-130121-denmark,Esbjerg 130121 Denmark,Denmark-Norway,0.10453349086266013,0.10393708699559134,-0.0005964038670687871,0.06923999263356406,0.0690759965649883,-0.00016399606857575577
conditional_connectivity_pct,conditional_connectivity,denhelder-hel-nl,Denhelder Hel Nl,Dutch-German-Bight,0.10453349086266013,0.12274398979041407,0.018210498927753935,0.06923999263356406,0.08089162755636789,0.011651634922803827
conditional_connectivity_pct,conditional_connectivity,lerwick-p041-uk,Lerwick P041 Uk,British-North-Sea,0.10453349086266013,0.10968696810483652,0.005153477242176394,0.06923999263356406,0.07271157533156664,0.0034715826980025732
conditional_connectivity_pct,conditional_connectivity,cuxhaven-germany,Cuxhaven Germany,Denmark-Norway,0.10453349086266013,0.0973886112878399,-0.007144879574820226,0.06923999263356406,0.06271373372347622,-0.006526258910087845
conditional_connectivity_pct,conditional_connectivity,delfzijl-del-nl,Delfzijl Del Nl,Dutch-German-Bight,0.10453349086266013,0.09571156263097674,-0.008821928231683387,0.06923999263356406,0.06180483903183165,-0.007435153601732414
conditional_connectivity_pct,conditional_connectivity,portpatrick-p063-uk,Portpatrick P063 Uk,Atlantic-Celtic,0.10453349086266013,0.12310335735974189,0.018569866497081755,0.06923999263356406,0.08270941693965705,0.013469424306092992
conditional_connectivity_pct,conditional_connectivity,newlyn-p001-uk,Newlyn,Atlantic-Celtic,0.10453349086266013,0.11100464919237187,0.006471158329711735,0.06923999263356406,0.07543825940650038,0.00619826677293632
conditional_connectivity_pct,conditional_connectivity,fishguard-p055-uk,Fishguard P055 Uk,British-North-Sea,0.10453349086266013,0.09706917344843742,-0.00746431741422271,0.06923999263356406,0.06634931249005456,-0.0028906801435095025
conditional_connectivity_pct,conditional_connectivity,hoekvanholla-hvh-nl,Hoek van Holland,Dutch-German-Bight,0.10453349086266013,0.10565406538237984,0.001120574519719711,0.06923999263356406,0.0690759965649883,-0.00016399606857575577
conditional_connectivity_pct,conditional_connectivity,milfordhaven-p056-uk,Milfordhaven P056 Uk,Atlantic-Celtic,0.10453349086266013,0.11387958974699444,0.009346098884334311,0.06923999263356406,0.07543825940650038,0.00619826677293632
conditional_connectivity_pct,conditional_connectivity,tregde-006-norway,Tregde 006 Norway,Dutch-German-Bight,0.10453349086266013,0.09315605991575669,-0.011377430946903438,0.06923999263356406,0.06271373372347622,-0.006526258910087845
conditional_connectivity_pct,conditional_connectivity,lowestoft-p024-uk,Lowestoft P024 Uk,British-North-Sea,0.10453349086266013,0.0733109841428758,-0.031222506719784326,0.06923999263356406,0.04908031334880748,-0.02015967928475658
conditional_connectivity_pct,conditional_connectivity,wick-p035-uk,Wick P035 Uk,British-North-Sea,0.10453349086266013,0.12210511411160906,0.017571623248948925,0.06923999263356406,0.07998273286472331,0.010742740231159245
conditional_connectivity_pct,conditional_connectivity,stornoway-p042-uk,Stornoway P042 Uk,Atlantic-Celtic,0.10453349086266013,0.09722889236813867,-0.007304598494521461,0.06923999263356406,0.0645315231067654,-0.004708469526798667
conditional_connectivity_pct,conditional_connectivity,le-conquet,Le Conquet France,western-English-Channel,0.10453349086266013,0.10537455727290264,0.0008410664102425081,0.06923999263356406,0.06998489125663289,0.0007448986230688265
conditional_connectivity_pct,conditional_connectivity,brest,Brest,western-English-Channel,0.10453349086266013,0.11663474111184108,0.012101250249180948,0.06923999263356406,0.07725604878978955,0.008016056156225485
conditional_connectivity_pct,conditional_connectivity,port-tudy,Port Tudy France,western-English-Channel,0.10453349086266013,0.1190704546372852,0.014536963774625072,0.06923999263356406,0.07998273286472331,0.010742740231159245
conditional_connectivity_pct,conditional_connectivity,cherbourg,Cherbourg France,western-English-Channel,0.10453349086266013,0.10461589240432168,8.240154166154479e-05,0.06923999263356406,0.0690759965649883,-0.00016399606857575577
conditional_connectivity_pct,conditional_connectivity,saint-nazaire,Saint Nazaire France,western-English-Channel,0.10453349086266013,0.10134165455044597,-0.0031918363122141608,0.06923999263356406,0.06544041779840998,-0.003799574835154085
conditional_connectivity_pct,conditional_connectivity,saint-gildas,Saint Gildas France,western-English-Channel,0.10453349086266013,0.11619551408266264,0.01166202322000251,0.06923999263356406,0.07725604878978955,0.008016056156225485
conditional_connectivity_pct,conditional_connectivity,le-havre,Le Havre France,eastern-Channel-southern-North-Sea,0.10453349086266013,0.10333814104671166,-0.0011953498159484738,0.06923999263356406,0.06634931249005456,-0.0028906801435095025
conditional_connectivity_pct,conditional_connectivity,dunkerque,Dunkerque France,eastern-Channel-southern-North-Sea,0.10453349086266013,0.10537455727290264,0.0008410664102425081,0.06923999263356406,0.0690759965649883,-0.00016399606857575577
conditional_connectivity_pct,conditional_connectivity,roscoff,Roscoff France,western-English-Channel,0.10453349086266013,0.0987861518352259,-0.005747339027434226,0.06923999263356406,0.0645315231067654,-0.004708469526798667
conditional_connectivity_pct,conditional_connectivity,boulogne-sur-mer,Boulogne Sur Mer,eastern-Channel-southern-North-Sea,0.10453349086266013,0.07638557334712495,-0.02814791751553518,0.06923999263356406,0.05089810273209665,-0.018341889901467415
conditional_connectivity_pct,conditional_connectivity,dieppe,Dieppe France,eastern-Channel-southern-North-Sea,0.10453349086266013,0.11411916812654634,0.009585677263886205,0.06923999263356406,0.07634715409814498,0.007107161464580916
conditional_connectivity_pct,conditional_connectivity,immingham-p026-uk,Immingham P026 Uk,British-North-Sea,0.10453349086266013,0.12262420060063811,0.01809070973797798,0.06923999263356406,0.08270941693965705,0.013469424306092992
conditional_connectivity_pct,conditional_connectivity,aberdeen-p038-uk,Aberdeen,British-North-Sea,0.10453349086266013,0.09575149236090207,-0.008781998501758065,0.06923999263356406,0.06362262841512081,-0.005617364218443249
conditional_connectivity_pct,conditional_connectivity,millport-p049-uk,Millport P049 Uk,British-North-Sea,0.10453349086266013,0.0955917734412008,-0.008941717421459328,0.06923999263356406,0.06362262841512081,-0.005617364218443249
conditional_connectivity_pct,conditional_connectivity,holyhead-p054-uk,Holyhead P054 Uk,British-North-Sea,0.10453349086266013,0.10489540051379888,0.0003619096511387476,0.06923999263356406,0.06998489125663289,0.0007448986230688265
conditional_connectivity_pct,conditional_connectivity,sheerness-p015-uk,Sheerness,eastern-Channel-southern-North-Sea,0.10453349086266013,0.10062291941179032,-0.003910571450869815,0.06923999263356406,0.06544041779840998,-0.003799574835154085
conditional_connectivity_pct,conditional_connectivity,heysham-p050-uk,Heysham P050 Uk,British-North-Sea,0.10453349086266013,0.08632807609852804,-0.018205414764132094,0.06923999263356406,0.057260365573608724,-0.011979627059955339
conditional_connectivity_pct,conditional_connectivity,northshields-p032-uk,Northshields P032 Uk,British-North-Sea,0.10453349086266013,0.10489540051379888,0.0003619096511387476,0.06923999263356406,0.06998489125663289,0.0007448986230688265
conditional_connectivity_pct,conditional_connectivity,whitby-p174-uk,Whitby P174 Uk,British-North-Sea,0.10453349086266013,0.10485547078387356,0.000321979921213425,0.06923999263356406,0.06816710187334372,-0.001072890760220338
conditional_connectivity_pct,conditional_connectivity,dover-p012-uk,Dover P012 Uk,eastern-Channel-southern-North-Sea,0.10453349086266013,0.10086249779134221,-0.003670993071317921,0.06923999263356406,0.06634931249005456,-0.0028906801435095025
conditional_connectivity_pct,conditional_connectivity,ullapool-p043-uk,Ullapool P043 Uk,Atlantic-Celtic,0.10453349086266013,0.11559656813378294,0.01106307727112281,0.06923999263356406,0.07725604878978955,0.008016056156225485
conditional_connectivity_pct,conditional_connectivity,newhaven-p011-uk,Newhaven P011 Uk,eastern-Channel-southern-North-Sea,0.10453349086266013,0.11663474111184108,0.012101250249180948,0.06923999263356406,0.07725604878978955,0.008016056156225485
conditional_connectivity_pct,conditional_connectivity,calais,Calais France,eastern-Channel-southern-North-Sea,0.10453349086266013,0.11942982220661304,0.014896331343952907,0.06923999263356406,0.07998273286472331,0.010742740231159245
conditional_connectivity_pct,conditional_connectivity,ilfracombe-p061-uk,Ilfracombe P061 Uk,western-English-Channel,0.10453349086266013,0.07475274166851648,-0.029780749194143655,0.06923999263356406,0.049920870061761886,-0.019319122571802176
conditional_connectivity_pct,conditional_connectivity,felixstowe-p204-uk,Felixstowe P204 Uk,eastern-Channel-southern-North-Sea,0.10453349086266013,0.10461589240432168,8.240154166154479e-05,0.06923999263356406,0.06998489125663289,0.0007448986230688265
conditional_connectivity_pct,conditional_connectivity,leith-p034-uk,Leith P034 Uk,British-North-Sea,0.10453349086266013,0.10553427619260392,0.0010007853299437847,0.06923999263356406,0.06998489125663289,0.0007448986230688265
conditional_connectivity_pct,conditional_connectivity,tobermory-p223-uk,Tobermory P223 Uk,Atlantic-Celtic,0.10453349086266013,0.11823193030885365,0.01369843944619352,0.06923999263356406,0.07816494348143414,0.00892495084787008
conditional_connectivity_pct,conditional_connectivity,cromer-p183-uk,Cromer P183 Uk,British-North-Sea,0.10453349086266013,0.10038225309772214,-0.00415123776493799,0.06923999263356406,0.06625860935470214,-0.0029813832788619238
conditional_connectivity_pct,conditional_connectivity,avonmouth-p060-uk,Avonmouth P060 Uk,western-English-Channel,0.10453349086266013,0.09371507613471107,-0.01081841472794906,0.06923999263356406,0.06089594434018706,-0.008344048293377003
conditional_connectivity_pct,conditional_connectivity,hinkleypoint-p003-uk,Hinkleypoint P003 Uk,western-English-Channel,0.10453349086266013,0.0695230438535228,-0.03501044700913733,0.06923999263356406,0.04629026132999739,-0.022949731303566673
conditional_connectivity_pct,conditional_connectivity,mumbles-p932-uk,Mumbles P932 Uk,western-English-Channel,0.10453349086266013,0.10062291941179032,-0.003910571450869815,0.06923999263356406,0.06634931249005456,-0.0028906801435095025
conditional_connectivity_pct,conditional_connectivity,devonport-p002-uk,Devonport P002 Uk,western-English-Channel,0.10453349086266013,0.11228240054998191,0.007748909687321781,0.06923999263356406,0.07452936471485581,0.005289372081291752
conditional_connectivity_pct,conditional_connectivity,weymouth-p991-uk,Weymouth P991 Uk,western-English-Channel,0.10453349086266013,0.0753474003690668,-0.02918609049359333,0.06923999263356406,0.04998920804045206,-0.019250784593112004
conditional_connectivity_pct,conditional_connectivity,barmouth-p923-uk,Barmouth P923 Uk,British-North-Sea,0.10453349086266013,0.10265933563798132,-0.0018741552246788057,0.06923999263356406,0.06725820718169914,-0.0019817854518649203
conditional_connectivity_pct,conditional_connectivity,portsmouth-p008-uk,Portsmouth P008 Uk,western-English-Channel,0.10453349086266013,0.10014376265268655,-0.004389728209973576,0.06923999263356406,0.06634931249005456,-0.0028906801435095025
conditional_connectivity_pct,conditional_connectivity,malin-head-834a-ireland,Malin Head 834a,Atlantic-Celtic,0.10453349086266013,0.12673696278294544,0.02220347192028531,0.06923999263356406,0.08452720632294622,0.015287213689382156
conditional_connectivity_pct,conditional_connectivity,kinlochbervi-p918-uk,Kinlochbervi P918 Uk,Atlantic-Celtic,0.10453349086266013,0.11028591405371621,0.00575242319105608,0.06923999263356406,0.07362047002321122,0.0043804773896471555
conditional_connectivity_pct,conditional_connectivity,porterin-p919-uk,Porterin P919 Uk,British-North-Sea,0.10453349086266013,0.1016397758547626,-0.002893715007897535,0.06923999263356406,0.06716626153764327,-0.0020737310959207944
conditional_connectivity_pct,conditional_connectivity,workington-p217-uk,Workington P217 Uk,British-North-Sea,0.10453349086266013,0.07702825903839922,-0.027505231824260915,0.06923999263356406,0.05173617442764414,-0.017503818205919924
conditional_connectivity_pct,conditional_connectivity,sthelier-p074-uk,Sthelier P074 Uk,western-English-Channel,0.10453349086266013,0.0720780107249701,-0.032455480137690035,0.06923999263356406,0.048105565695879635,-0.021134426937684428
conditional_connectivity_pct,conditional_connectivity,gladstone-p234-uk,Gladstone P234 Uk,British-North-Sea,0.10453349086266013,0.12490019520638102,0.020366704343720884,0.06923999263356406,0.08270941693965705,0.013469424306092992
conditional_connectivity_pct,conditional_connectivity,llandudno-p007-uk,Llandudno P007 Uk,British-North-Sea,0.10453349086266013,0.12525956277570882,0.02072607191304869,0.06923999263356406,0.08452720632294622,0.015287213689382156
conditional_connectivity_pct,conditional_connectivity,portellen-p202-uk,Portellen P202 Uk,Atlantic-Celtic,0.10453349086266013,0.13200768713308683,0.0274741962704267,0.06923999263356406,0.08725389039787997,0.018013897764315903
conditional_connectivity_pct,conditional_connectivity,saint-malo,Saint Malo France,western-English-Channel,0.10453349086266013,0.13424375200890437,0.02971026114624424,0.06923999263356406,0.08816278508952455,0.018922792455960485
conditional_connectivity_pct,conditional_connectivity,newport-p057-uk,Newport P057 Uk,western-English-Channel,0.10453349086266013,0.10924774107565804,0.004714250212997914,0.06923999263356406,0.07271157533156664,0.0034715826980025732
conditional_connectivity_pct,conditional_connectivity,portrush-p935-uk,Portrush P935 Uk,Atlantic-Celtic,0.10453349086266013,0.08948252476262782,-0.015050966100032315,0.06923999263356406,0.05816926026525331,-0.01107073236831075
conditional_connectivity_pct,conditional_connectivity,bangor-p662-uk,Bangor P662 Uk,Atlantic-Celtic,0.10453349086266013,0.13581245776037013,0.031278966897709995,0.06923999263356406,0.09076521829411253,0.021525225660548472
conditional_connectivity_pct,conditional_connectivity,stmarys-p231-uk,Stmarys P231 Uk,Atlantic-Celtic,0.10453349086266013,0.1085290059370024,0.0039955150743422735,0.06923999263356406,0.07362047002321122,0.0043804773896471555
conditional_connectivity_pct,conditional_connectivity,bournemouth-p988-uk,Bournemouth P988 Uk,western-English-Channel,0.10453349086266013,0.08608849771897616,-0.018444993143683974,0.06923999263356406,0.05635147088196415,-0.012888521751599914
conditional_connectivity_pct,conditional_connectivity,concarneau,Concarneau France,western-English-Channel,0.10453349086266013,0.11791249246945111,0.01337900160679098,0.06923999263356406,0.07816494348143414,0.00892495084787008
conditional_connectivity_pct,conditional_connectivity,le-crouesty,Le Crouesty France,western-English-Channel,0.10453349086266013,0.09551191398135019,-0.009021576881309945,0.06923999263356406,0.06271373372347622,-0.006526258910087845
conditional_connectivity_pct,conditional_connectivity,morayfirth-p207-uk,Morayfirth P207 Uk,British-North-Sea,0.10453349086266013,0.10677209782028861,0.0022386069576284806,0.06923999263356406,0.06998489125663289,0.0007448986230688265
conditional_connectivity_pct,conditional_connectivity,harwich-p022-uk,Harwich P022 Uk,eastern-Channel-southern-North-Sea,0.10453349086266013,0.10633287079111017,0.0017993799284500428,0.06923999263356406,0.07089378594827747,0.0016537933147134087
conditional_connectivity_pct,conditional_connectivity,portbury-p341-uk,Portbury P341 Uk,western-English-Channel,0.10453349086266013,0.09371507613471107,-0.01081841472794906,0.06923999263356406,0.06089594434018706,-0.008344048293377003
connected_reference_land_pct,connected_lowland_share,esbjerg-130121-denmark,Esbjerg 130121 Denmark,Denmark-Norway,-0.33316791999083856,-0.34292441535637325,-0.00975649536553469,-0.21071115013169445,-0.21935775667118956,-0.008646606539495116
connected_reference_land_pct,connected_lowland_share,denhelder-hel-nl,Denhelder Hel Nl,Dutch-German-Bight,-0.33316791999083856,-0.31474978050921865,0.01841813948161991,-0.21071115013169445,-0.1967435549525102,0.01396759517918425
connected_reference_land_pct,connected_lowland_share,lerwick-p041-uk,Lerwick P041 Uk,British-North-Sea,-0.33316791999083856,-0.3292760794955703,0.0038918404952682506,-0.21071115013169445,-0.20578923563998194,0.0049219144917125035
connected_reference_land_pct,connected_lowland_share,cuxhaven-germany,Cuxhaven Germany,Denmark-Norway,-0.33316791999083856,-0.36048367786734786,-0.027315757876509306,-0.21071115013169445,-0.23021257349615562,-0.019501423364461173
connected_reference_land_pct,connected_lowland_share,delfzijl-del-nl,Delfzijl Del Nl,Dutch-German-Bight,-0.33316791999083856,-0.35270173198180227,-0.019533811990963712,-0.21071115013169445,-0.22478516508367258,-0.014074014951978131
connected_reference_land_pct,connected_lowland_share,portpatrick-p063-uk,Portpatrick P063 Uk,Atlantic-Celtic,-0.33316791999083856,-0.3383350626546413,-0.0051671426638027484,-0.21071115013169445,-0.21302578018995932,-0.002314630058264877
connected_reference_land_pct,connected_lowland_share,newlyn-p001-uk,Newlyn,Atlantic-Celtic,-0.33316791999083856,-0.33430441376007664,-0.0011364937692380783,-0.21071115013169445,-0.20759837177747628,0.0031127783542181653
connected_reference_land_pct,connected_lowland_share,fishguard-p055-uk,Fishguard P055 Uk,British-North-Sea,-0.33316791999083856,-0.35900710351983406,-0.025839183528995502,-0.21071115013169445,-0.22840343735866128,-0.017692287226966835
connected_reference_land_pct,connected_lowland_share,hoekvanholla-hvh-nl,Hoek van Holland,Dutch-German-Bight,-0.33316791999083856,-0.3408093223720968,-0.0076414023812582665,-0.21071115013169445,-0.21754862053369517,-0.006837470402000723
connected_reference_land_pct,connected_lowland_share,milfordhaven-p056-uk,Milfordhaven P056 Uk,Atlantic-Celtic,-0.33316791999083856,-0.3231303376167292,0.010037582374109344,-0.21071115013169445,-0.2030755314337404,0.007635618697954039
connected_reference_land_pct,connected_lowland_share,tregde-006-norway,Tregde 006 Norway,Dutch-German-Bight,-0.33316791999083856,-0.3204565408252854,0.01271137916555315,-0.21071115013169445,-0.1976481230212574,0.013063027110437053
connected_reference_land_pct,connected_lowland_share,lowestoft-p024-uk,Lowestoft P024 Uk,British-North-Sea,-0.33316791999083856,-0.33242876526458626,0.0007391547262523002,-0.21071115013169445,-0.21121664405246499,-0.0005054939207705389
connected_reference_land_pct,connected_lowland_share,wick-p035-uk,Wick P035 Uk,British-North-Sea,-0.33316791999083856,-0.33242876526458626,0.0007391547262523002,-0.21071115013169445,-0.21121664405246499,-0.0005054939207705389
connected_reference_land_pct,connected_lowland_share,stornoway-p042-uk,Stornoway P042 Uk,Atlantic-Celtic,-0.33316791999083856,-0.3318700614574188,0.001297858533419738,-0.21071115013169445,-0.21121664405246499,-0.0005054939207705389
connected_reference_land_pct,connected_lowland_share,le-conquet,Le Conquet France,western-English-Channel,-0.33316791999083856,-0.3285577460292123,0.004610173961626274,-0.21071115013169445,-0.2066938037087291,0.004017346422965334
connected_reference_land_pct,connected_lowland_share,brest,Brest,western-English-Channel,-0.33316791999083856,-0.324966078697422,0.008201841293416556,-0.21071115013169445,-0.20488466757123477,0.005826482560459673
connected_reference_land_pct,connected_lowland_share,port-tudy,Port Tudy France,western-English-Channel,-0.33316791999083856,-0.33274802458296754,0.0004198954078710182,-0.21071115013169445,-0.20940750791497065,0.0013036422167237993
connected_reference_land_pct,connected_lowland_share,cherbourg,Cherbourg France,western-English-Channel,-0.33316791999083856,-0.33606034001117413,-0.002892420020335573,-0.21071115013169445,-0.21121664405246499,-0.0005054939207705389
connected_reference_land_pct,connected_lowland_share,saint-nazaire,Saint Nazaire France,western-English-Channel,-0.33316791999083856,-0.3347833027376487,-0.0016153827468101678,-0.21071115013169445,-0.20850293984622345,0.002208210285470996
connected_reference_land_pct,connected_lowland_share,saint-gildas,Saint Gildas France,western-English-Channel,-0.33316791999083856,-0.3355814510336021,-0.0024135310427635392,-0.21071115013169445,-0.21573948439620083,-0.005028334264506384
connected_reference_land_pct,connected_lowland_share,le-havre,Le Havre France,eastern-Channel-southern-North-Sea,-0.33316791999083856,-0.3509857131455024,-0.017817793154663863,-0.21071115013169445,-0.2211668928086839,-0.010455742676989455
connected_reference_land_pct,connected_lowland_share,dunkerque,Dunkerque France,eastern-Channel-southern-North-Sea,-0.33316791999083856,-0.35800941814989234,-0.024841498159053788,-0.21071115013169445,-0.22930800542740842,-0.018596855295713977
connected_reference_land_pct,connected_lowland_share,roscoff,Roscoff France,western-English-Channel,-0.33316791999083856,-0.32448718971985,0.008680730270988535,-0.21071115013169445,-0.20488466757123477,0.005826482560459673
connected_reference_land_pct,connected_lowland_share,boulogne-sur-mer,Boulogne Sur Mer,eastern-Channel-southern-North-Sea,-0.33316791999083856,-0.32803894963684255,0.00512897035399601,-0.21071115013169445,-0.20850293984622345,0.002208210285470996
connected_reference_land_pct,connected_lowland_share,dieppe,Dieppe France,eastern-Channel-southern-North-Sea,-0.33316791999083856,-0.3107989464442494,0.022368973546589177,-0.21071115013169445,-0.19583898688376303,0.01487216324793142
connected_reference_land_pct,connected_lowland_share,immingham-p026-uk,Immingham P026 Uk,British-North-Sea,-0.33316791999083856,-0.3233298746907176,0.009838045300120946,-0.21071115013169445,-0.2030755314337404,0.007635618697954039
connected_reference_land_pct,connected_lowland_share,aberdeen-p038-uk,Aberdeen,British-North-Sea,-0.33316791999083856,-0.33342645063452797,-0.00025853064368941414,-0.21071115013169445,-0.20940750791497065,0.0013036422167237993
connected_reference_land_pct,connected_lowland_share,millport-p049-uk,Millport P049 Uk,British-North-Sea,-0.33316791999083856,-0.3314310798946445,0.00173684009619407,-0.21071115013169445,-0.20940750791497065,0.0013036422167237993
connected_reference_land_pct,connected_lowland_share,holyhead-p054-uk,Holyhead P054 Uk,British-North-Sea,-0.33316791999083856,-0.3403703408093224,-0.007202420818483823,-0.21071115013169445,-0.21845318860244237,-0.0077420384707479195
connected_reference_land_pct,connected_lowland_share,sheerness-p015-uk,Sheerness,eastern-Channel-southern-North-Sea,-0.33316791999083856,-0.363835900710352,-0.030667980719513432,-0.21071115013169445,-0.23292627770239716,-0.02221512757070271
connected_reference_land_pct,connected_lowland_share,heysham-p050-uk,Heysham P050 Uk,British-North-Sea,-0.33316791999083856,-0.3381355255806529,-0.00496760558981435,-0.21071115013169445,-0.21483491632745366,-0.004123766195759215
connected_reference_land_pct,connected_lowland_share,northshields-p032-uk,Northshields P032 Uk,British-North-Sea,-0.33316791999083856,-0.3503072870939421,-0.017139367103103542,-0.21071115013169445,-0.2211668928086839,-0.010455742676989455
connected_reference_land_pct,connected_lowland_share,whitby-p174-uk,Whitby P174 Uk,British-North-Sea,-0.33316791999083856,-0.3361401548407695,-0.0029722348499309215,-0.21071115013169445,-0.21121664405246499,-0.0005054939207705389
connected_reference_land_pct,connected_lowland_share,dover-p012-uk,Dover P012 Uk,eastern-Channel-southern-North-Sea,-0.33316791999083856,-0.32093542980285744,0.012232490187981115,-0.21071115013169445,-0.20036182722749887,0.010349322904195574
connected_reference_land_pct,connected_lowland_share,ullapool-p043-uk,Ullapool P043 Uk,Atlantic-Celtic,-0.33316791999083856,-0.343443211748743,-0.010275291757904426,-0.21071115013169445,-0.21573948439620083,-0.005028334264506384
connected_reference_land_pct,connected_lowland_share,newhaven-p011-uk,Newhaven P011 Uk,eastern-Channel-southern-North-Sea,-0.33316791999083856,-0.34603719371059144,-0.012869273719752883,-0.21071115013169445,-0.21845318860244237,-0.0077420384707479195
connected_reference_land_pct,connected_lowland_share,calais,Calais France,eastern-Channel-southern-North-Sea,-0.33316791999083856,-0.36048367786734786,-0.027315757876509306,-0.21071115013169445,-0.23021257349615562,-0.019501423364461173
connected_reference_land_pct,connected_lowland_share,ilfracombe-p061-uk,Ilfracombe P061 Uk,western-English-Channel,-0.33316791999083856,-0.3081251496528055,0.025042770338033038,-0.21071115013169445,-0.1940298507462687,0.016681299385425757
connected_reference_land_pct,connected_lowland_share,felixstowe-p204-uk,Felixstowe P204 Uk,eastern-Channel-southern-North-Sea,-0.33316791999083856,-0.3509058983159071,-0.01773797832506857,-0.21071115013169445,-0.22568973315241975,-0.0149785830207253
connected_reference_land_pct,connected_lowland_share,leith-p034-uk,Leith P034 Uk,British-North-Sea,-0.33316791999083856,-0.33586080293718573,-0.002692882946347175,-0.21071115013169445,-0.21212121212121218,-0.0014100619895177358
connected_reference_land_pct,connected_lowland_share,tobermory-p223-uk,Tobermory P223 Uk,Atlantic-Celtic,-0.33316791999083856,-0.3359406177667811,-0.002772697775942523,-0.21071115013169445,-0.20940750791497065,0.0013036422167237993
connected_reference_land_pct,connected_lowland_share,cromer-p183-uk,Cromer P183 Uk,British-North-Sea,-0.33316791999083856,-0.3321893207758002,0.000978599215038345,-0.21071115013169445,-0.20850293984622345,0.002208210285470996
connected_reference_land_pct,connected_lowland_share,avonmouth-p060-uk,Avonmouth P060 Uk,western-English-Channel,-0.33316791999083856,-0.31806209593742524,0.01510582405341332,-0.21071115013169445,-0.20488466757123477,0.005826482560459673
connected_reference_land_pct,connected_lowland_share,hinkleypoint-p003-uk,Hinkleypoint P003 Uk,western-English-Channel,-0.33316791999083856,-0.3044137600766223,0.02875415991421626,-0.21071115013169445,-0.18950701040253282,0.02120413972916163
connected_reference_land_pct,connected_lowland_share,mumbles-p932-uk,Mumbles P932 Uk,western-English-Channel,-0.33316791999083856,-0.30976135365950996,0.023406566331328593,-0.21071115013169445,-0.19493441881501586,0.01577673131667859
connected_reference_land_pct,connected_lowland_share,devonport-p002-uk,Devonport P002 Uk,western-English-Channel,-0.33316791999083856,-0.3346635804932557,-0.0014956605024171177,-0.21071115013169445,-0.20850293984622345,0.002208210285470996
connected_reference_land_pct,connected_lowland_share,weymouth-p991-uk,Weymouth P991 Uk,western-English-Channel,-0.33316791999083856,-0.32819857929603324,0.004969340694805313,-0.21071115013169445,-0.20488466757123477,0.005826482560459673
connected_reference_land_pct,connected_lowland_share,barmouth-p923-uk,Barmouth P923 Uk,British-North-Sea,-0.33316791999083856,-0.3447202490222684,-0.011552329031429831,-0.21071115013169445,-0.2202623247399367,-0.009551174608242258
connected_reference_land_pct,connected_lowland_share,portsmouth-p008-uk,Portsmouth P008 Uk,western-English-Channel,-0.33316791999083856,-0.3247665416234337,0.008401378367404844,-0.21071115013169445,-0.2039800995024876,0.006731050629206842
connected_reference_land_pct,connected_lowland_share,malin-head-834a-ireland,Malin Head 834a,Atlantic-Celtic,-0.33316791999083856,-0.3340649692712907,-0.0008970492804521446,-0.21071115013169445,-0.21302578018995932,-0.002314630058264877
connected_reference_land_pct,connected_lowland_share,kinlochbervi-p918-uk,Kinlochbervi P918 Uk,Atlantic-Celtic,-0.33316791999083856,-0.3353420065448161,-0.00217408655397755,-0.21071115013169445,-0.20850293984622345,0.002208210285470996
connected_reference_land_pct,connected_lowland_share,porterin-p919-uk,Porterin P919 Uk,British-North-Sea,-0.33316791999083856,-0.3418469151568362,-0.008678995165997627,-0.21071115013169445,-0.21664405246494803,-0.005932902333253581
connected_reference_land_pct,connected_lowland_share,workington-p217-uk,Workington P217 Uk,British-North-Sea,-0.33316791999083856,-0.32352941176470595,0.009638508226132603,-0.21071115013169445,-0.20488466757123477,0.005826482560459673
connected_reference_land_pct,connected_lowland_share,sthelier-p074-uk,Sthelier P074 Uk,western-English-Channel,-0.33316791999083856,-0.30980126107430767,0.02336665891653089,-0.21071115013169445,-0.19493441881501586,0.01577673131667859
connected_reference_land_pct,connected_lowland_share,gladstone-p234-uk,Gladstone P234 Uk,British-North-Sea,-0.33316791999083856,-0.31071913161465403,0.022448788376184525,-0.21071115013169445,-0.19493441881501586,0.01577673131667859
connected_reference_land_pct,connected_lowland_share,llandudno-p007-uk,Llandudno P007 Uk,British-North-Sea,-0.33316791999083856,-0.31722404022667416,0.015943879764164393,-0.21071115013169445,-0.20036182722749887,0.010349322904195574
connected_reference_land_pct,connected_lowland_share,portellen-p202-uk,Portellen P202 Uk,Atlantic-Celtic,-0.33316791999083856,-0.3375768217734855,-0.004408901782646968,-0.21071115013169445,-0.21664405246494803,-0.005932902333253581
connected_reference_land_pct,connected_lowland_share,saint-malo,Saint Malo France,western-English-Channel,-0.33316791999083856,-0.3155479288051721,0.017619991185666484,-0.21071115013169445,-0.20126639529624607,0.009444754835448377
connected_reference_land_pct,connected_lowland_share,newport-p057-uk,Newport P057 Uk,western-English-Channel,-0.33316791999083856,-0.3044137600766223,0.02875415991421626,-0.21071115013169445,-0.18950701040253282,0.02120413972916163
connected_reference_land_pct,connected_lowland_share,portrush-p935-uk,Portrush P935 Uk,Atlantic-Celtic,-0.33316791999083856,-0.339691914757762,-0.006523994766923447,-0.21071115013169445,-0.21754862053369517,-0.006837470402000723
connected_reference_land_pct,connected_lowland_share,bangor-p662-uk,Bangor P662 Uk,Atlantic-Celtic,-0.33316791999083856,-0.33242876526458626,0.0007391547262523002,-0.21071115013169445,-0.21121664405246499,-0.0005054939207705389
connected_reference_land_pct,connected_lowland_share,stmarys-p231-uk,Stmarys P231 Uk,Atlantic-Celtic,-0.33316791999083856,-0.3432835820895523,-0.010115662098713729,-0.21071115013169445,-0.21935775667118956,-0.008646606539495116
connected_reference_land_pct,connected_lowland_share,bournemouth-p988-uk,Bournemouth P988 Uk,western-English-Channel,-0.33316791999083856,-0.34539867507382876,-0.012230755082990208,-0.21071115013169445,-0.22207146087743104,-0.011360310745736596
connected_reference_land_pct,connected_lowland_share,concarneau,Concarneau France,western-English-Channel,-0.33316791999083856,-0.3331870061457419,-1.90861549033694e-05,-0.21071115013169445,-0.20759837177747628,0.0031127783542181653
connected_reference_land_pct,connected_lowland_share,le-crouesty,Le Crouesty France,western-English-Channel,-0.33316791999083856,-0.33522228430042306,-0.0020543643095845,-0.21071115013169445,-0.21483491632745366,-0.004123766195759215
connected_reference_land_pct,connected_lowland_share,morayfirth-p207-uk,Morayfirth P207 Uk,British-North-Sea,-0.33316791999083856,-0.3289967275919866,0.004171192398851942,-0.21071115013169445,-0.20940750791497065,0.0013036422167237993
connected_reference_land_pct,connected_lowland_share,harwich-p022-uk,Harwich P022 Uk,eastern-Channel-southern-North-Sea,-0.33316791999083856,-0.3509058983159071,-0.01773797832506857,-0.21071115013169445,-0.22568973315241975,-0.0149785830207253
connected_reference_land_pct,connected_lowland_share,portbury-p341-uk,Portbury P341 Uk,western-English-Channel,-0.33316791999083856,-0.3172639476414718,0.015903972349366746,-0.21071115013169445,-0.2039800995024876,0.006731050629206842
connected_area_km2,connected_area,esbjerg-130121-denmark,Esbjerg 130121 Denmark,Denmark-Norway,-0.34095507119135776,-0.35094580573070483,-0.009990734539347068,-0.2080772607550483,-0.21754862053369517,-0.009471359778646882
connected_area_km2,connected_area,denhelder-hel-nl,Denhelder Hel Nl,Dutch-German-Bight,-0.34095507119135776,-0.3241280229866709,0.016827048204686834,-0.2080772607550483,-0.19493441881501586,0.01314284194003243
connected_area_km2,connected_area,lerwick-p041-uk,Lerwick P041 Uk,British-North-Sea,-0.34095507119135776,-0.33681858089232986,0.004136490299027906,-0.2080772607550483,-0.2030755314337404,0.0050017293213078795
connected_area_km2,connected_area,cuxhaven-germany,Cuxhaven Germany,Denmark-Norway,-0.34095507119135776,-0.3697421981004071,-0.028787126909049332,-0.2080772607550483,-0.22840343735866128,-0.020326176603612994
connected_area_km2,connected_area,delfzijl-del-nl,Delfzijl Del Nl,Dutch-German-Bight,-0.34095507119135776,-0.36092265943012214,-0.019967588238764378,-0.2080772607550483,-0.22207146087743104,-0.013994200122382755
connected_area_km2,connected_area,portpatrick-p063-uk,Portpatrick P063 Uk,Atlantic-Celtic,-0.34095507119135776,-0.3477532125468913,-0.006798141355533527,-0.2080772607550483,-0.21212121212121218,-0.004043951366163895
connected_area_km2,connected_area,newlyn-p001-uk,Newlyn,Atlantic-Celtic,-0.34095507119135776,-0.34244552637880127,-0.0014904551874435068,-0.2080772607550483,-0.20578923563998194,0.0022880251150663444
connected_area_km2,connected_area,fishguard-p055-uk,Fishguard P055 Uk,British-North-Sea,-0.34095507119135776,-0.3689440498044537,-0.02798897861309596,-0.2080772607550483,-0.22749886928991409,-0.019421608534865797
connected_area_km2,connected_area,hoekvanholla-hvh-nl,Hoek van Holland,Dutch-German-Bight,-0.34095507119135776,-0.3494692313831911,-0.00851416019183332,-0.2080772607550483,-0.21573948439620083,-0.0076622236411525435
connected_area_km2,connected_area,milfordhaven-p056-uk,Milfordhaven P056 Uk,Atlantic-Celtic,-0.34095507119135776,-0.33438422858967204,0.006570842601685722,-0.2080772607550483,-0.20217096336499327,0.005906297390055021
connected_area_km2,connected_area,tregde-006-norway,Tregde 006 Norway,Dutch-German-Bight,-0.34095507119135776,-0.32859765344401,0.012357417747347776,-0.2080772607550483,-0.19493441881501586,0.01314284194003243
connected_area_km2,connected_area,lowestoft-p024-uk,Lowestoft P024 Uk,British-North-Sea,-0.34095507119135776,-0.34017080373533404,0.0007842674560237239,-0.2080772607550483,-0.20759837177747628,0.0004788889775720062
connected_area_km2,connected_area,wick-p035-uk,Wick P035 Uk,British-North-Sea,-0.34095507119135776,-0.3381355255806529,0.0028195456107048544,-0.2080772607550483,-0.20578923563998194,0.0022880251150663444
connected_area_km2,connected_area,stornoway-p042-uk,Stornoway P042 Uk,Atlantic-Celtic,-0.34095507119135776,-0.33889376646180863,0.0020613047295491294,-0.2080772607550483,-0.20759837177747628,0.0004788889775720062
connected_area_km2,connected_area,le-conquet,Le Conquet France,western-English-Channel,-0.34095507119135776,-0.3377364514326762,0.00321861975868154,-0.2080772607550483,-0.20578923563998194,0.0022880251150663444
connected_area_km2,connected_area,brest,Brest,western-English-Channel,-0.34095507119135776,-0.3323090430201932,0.008646028171164555,-0.2080772607550483,-0.20217096336499327,0.005906297390055021
connected_area_km2,connected_area,port-tudy,Port Tudy France,western-English-Channel,-0.34095507119135776,-0.35178386144145585,-0.010828790250098086,-0.2080772607550483,-0.21483491632745366,-0.006757655572405374
connected_area_km2,connected_area,cherbourg,Cherbourg France,western-English-Channel,-0.34095507119135776,-0.3474339532285099,-0.006478882037152134,-0.2080772607550483,-0.21302578018995932,-0.004948519434911036
connected_area_km2,connected_area,saint-nazaire,Saint Nazaire France,western-English-Channel,-0.34095507119135776,-0.3430840450155639,-0.0021289738242061262,-0.2080772607550483,-0.2066938037087291,0.0013834570463191753
connected_area_km2,connected_area,saint-gildas,Saint Gildas France,western-English-Channel,-0.34095507119135776,-0.3422060818900152,-0.001251010698657462,-0.2080772607550483,-0.2103120759837178,-0.002234815228669501
connected_area_km2,connected_area,le-havre,Le Havre France,eastern-Channel-southern-North-Sea,-0.34095507119135776,-0.35896719610503636,-0.018012124913678595,-0.2080772607550483,-0.21845318860244237,-0.010375927847394079
connected_area_km2,connected_area,dunkerque,Dunkerque France,eastern-Channel-southern-North-Sea,-0.34095507119135776,-0.36567164179104483,-0.02471657059968707,-0.2080772607550483,-0.22659430122116694,-0.018517040466118656
connected_area_km2,connected_area,roscoff,Roscoff France,western-English-Channel,-0.34095507119135776,-0.32548487508979174,0.015470196101566025,-0.2080772607550483,-0.1967435549525102,0.011333705802538091
connected_area_km2,connected_area,boulogne-sur-mer,Boulogne Sur Mer,eastern-Channel-southern-North-Sea,-0.34095507119135776,-0.33805571075105756,0.0028993604403002027,-0.2080772607550483,-0.20578923563998194,0.0022880251150663444
connected_area_km2,connected_area,dieppe,Dieppe France,eastern-Channel-southern-North-Sea,-0.34095507119135776,-0.3202969111660947,0.02065816002526305,-0.2080772607550483,-0.19493441881501586,0.01314284194003243
connected_area_km2,connected_area,immingham-p026-uk,Immingham P026 Uk,British-North-Sea,-0.34095507119135776,-0.33238885784978855,0.008566213341569207,-0.2080772607550483,-0.20036182722749887,0.007715433527549415
connected_area_km2,connected_area,aberdeen-p038-uk,Aberdeen,British-North-Sea,-0.34095507119135776,-0.338973581291404,0.001981489899953781,-0.2080772607550483,-0.20578923563998194,0.0022880251150663444
connected_area_km2,connected_area,millport-p049-uk,Millport P049 Uk,British-North-Sea,-0.34095507119135776,-0.339332748024583,0.0016223231667747418,-0.2080772607550483,-0.20578923563998194,0.0022880251150663444
connected_area_km2,connected_area,holyhead-p054-uk,Holyhead P054 Uk,British-North-Sea,-0.34095507119135776,-0.3484715460132493,-0.00751647482189155,-0.2080772607550483,-0.21573948439620083,-0.0076622236411525435
connected_area_km2,connected_area,sheerness-p015-uk,Sheerness,eastern-Channel-southern-North-Sea,-0.34095507119135776,-0.3722164578178626,-0.03126138662650485,-0.2080772607550483,-0.23021257349615562,-0.022135312741107332
connected_area_km2,connected_area,heysham-p050-uk,Heysham P050 Uk,British-North-Sea,-0.34095507119135776,-0.3339851544416953,0.006969916749662464,-0.2080772607550483,-0.20578923563998194,0.0022880251150663444
connected_area_km2,connected_area,northshields-p032-uk,Northshields P032 Uk,British-North-Sea,-0.34095507119135776,-0.35609386223960415,-0.015138791048246392,-0.2080772607550483,-0.21664405246494803,-0.00856679170989974
connected_area_km2,connected_area,whitby-p174-uk,Whitby P174 Uk,British-North-Sea,-0.34095507119135776,-0.3438821933115173,-0.002927122120159553,-0.2080772607550483,-0.20759837177747628,0.0004788889775720062
connected_area_km2,connected_area,dover-p012-uk,Dover P012 Uk,eastern-Channel-southern-North-Sea,-0.34095507119135776,-0.32995450554713074,0.011000565644227023,-0.2080772607550483,-0.20036182722749887,0.007715433527549415
connected_area_km2,connected_area,ullapool-p043-uk,Ullapool P043 Uk,Atlantic-Celtic,-0.34095507119135776,-0.3460771011253892,-0.005122029934031436,-0.2080772607550483,-0.20850293984622345,-0.0004256790911751629
connected_area_km2,connected_area,newhaven-p011-uk,Newhaven P011 Uk,eastern-Channel-southern-North-Sea,-0.34095507119135776,-0.3560140474100088,-0.015058976218651043,-0.2080772607550483,-0.21754862053369517,-0.009471359778646882
connected_area_km2,connected_area,calais,Calais France,eastern-Channel-southern-North-Sea,-0.34095507119135776,-0.36814590150850035,-0.02719083031714259,-0.2080772607550483,-0.22749886928991409,-0.019421608534865797
connected_area_km2,connected_area,ilfracombe-p061-uk,Ilfracombe P061 Uk,western-English-Channel,-0.34095507119135776,-0.3168249660786975,0.024130105112660283,-0.2080772607550483,-0.19131614654002715,0.016761114215021133
connected_area_km2,connected_area,felixstowe-p204-uk,Felixstowe P204 Uk,eastern-Channel-southern-North-Sea,-0.34095507119135776,-0.3589272886902387,-0.01797221749888095,-0.2080772607550483,-0.2238805970149254,-0.01580333625987712
connected_area_km2,connected_area,leith-p034-uk,Leith P034 Uk,British-North-Sea,-0.34095507119135776,-0.34651608268816353,-0.005561011496805768,-0.2080772607550483,-0.21121664405246499,-0.003139383297416698
connected_area_km2,connected_area,tobermory-p223-uk,Tobermory P223 Uk,Atlantic-Celtic,-0.34095507119135776,-0.344041822970708,-0.0030867517793502497,-0.2080772607550483,-0.20850293984622345,-0.0004256790911751629
connected_area_km2,connected_area,cromer-p183-uk,Cromer P183 Uk,British-North-Sea,-0.34095507119135776,-0.3392928406097853,0.0016622305815724436,-0.2080772607550483,-0.20488466757123477,0.0031925931838135135
connected_area_km2,connected_area,avonmouth-p060-uk,Avonmouth P060 Uk,western-English-Channel,-0.34095507119135776,-0.3273206161704845,0.013634455020873237,-0.2080772607550483,-0.20217096336499327,0.005906297390055021
connected_area_km2,connected_area,hinkleypoint-p003-uk,Hinkleypoint P003 Uk,western-English-Channel,-0.34095507119135776,-0.3127145023545375,0.028240568836820246,-0.2080772607550483,-0.1867933061962913,0.02128395455875698
connected_area_km2,connected_area,mumbles-p932-uk,Mumbles P932 Uk,western-English-Channel,-0.34095507119135776,-0.31518876207199303,0.025766309119364728,-0.2080772607550483,-0.19041157847128,0.017665682283768275
connected_area_km2,connected_area,devonport-p002-uk,Devonport P002 Uk,western-English-Channel,-0.34095507119135776,-0.3412083965200735,-0.00025332532871574776,-0.2080772607550483,-0.2066938037087291,0.0013834570463191753
connected_area_km2,connected_area,weymouth-p991-uk,Weymouth P991 Uk,western-English-Channel,-0.34095507119135776,-0.33637959932955547,0.004575471861802294,-0.2080772607550483,-0.20217096336499327,0.005906297390055021
connected_area_km2,connected_area,barmouth-p923-uk,Barmouth P923 Uk,British-North-Sea,-0.34095507119135776,-0.35274163939659997,-0.01178656820524221,-0.2080772607550483,-0.21845318860244237,-0.010375927847394079
connected_area_km2,connected_area,portsmouth-p008-uk,Portsmouth P008 Uk,western-English-Channel,-0.34095507119135776,-0.3318301540426212,0.009124917148736589,-0.2080772607550483,-0.20036182722749887,0.007715433527549415
connected_area_km2,connected_area,malin-head-834a-ireland,Malin Head 834a,Atlantic-Celtic,-0.34095507119135776,-0.3451592305850428,-0.004204159393685014,-0.2080772607550483,-0.21302578018995932,-0.004948519434911036
connected_area_km2,connected_area,kinlochbervi-p918-uk,Kinlochbervi P918 Uk,Atlantic-Celtic,-0.34095507119135776,-0.3406896001277037,0.0002654710636540436,-0.2080772607550483,-0.2066938037087291,0.0013834570463191753
connected_area_km2,connected_area,porterin-p919-uk,Porterin P919 Uk,British-North-Sea,-0.34095507119135776,-0.3474339532285099,-0.006478882037152134,-0.2080772607550483,-0.21302578018995932,-0.004948519434911036
connected_area_km2,connected_area,workington-p217-uk,Workington P217 Uk,British-North-Sea,-0.34095507119135776,-0.3297150610583447,0.011240010133013068,-0.2080772607550483,-0.20126639529624607,0.006810865458802218
connected_area_km2,connected_area,sthelier-p074-uk,Sthelier P074 Uk,western-English-Channel,-0.34095507119135776,-0.3202969111660947,0.02065816002526305,-0.2080772607550483,-0.19493441881501586,0.01314284194003243
connected_area_km2,connected_area,gladstone-p234-uk,Gladstone P234 Uk,British-North-Sea,-0.34095507119135776,-0.3213744113656318,0.019580659825725988,-0.2080772607550483,-0.19493441881501586,0.01314284194003243
connected_area_km2,connected_area,llandudno-p007-uk,Llandudno P007 Uk,British-North-Sea,-0.34095507119135776,-0.3230106153723362,0.017944455819021543,-0.2080772607550483,-0.19583898688376303,0.01223827387128526
connected_area_km2,connected_area,portellen-p202-uk,Portellen P202 Uk,Atlantic-Celtic,-0.34095507119135776,-0.34252534120839656,-0.0015702700170387995,-0.2080772607550483,-0.21121664405246499,-0.003139383297416698
connected_area_km2,connected_area,saint-malo,Saint Malo France,western-English-Channel,-0.34095507119135776,-0.3227312634687525,0.018223807722605234,-0.2080772607550483,-0.19855269109000453,0.009524569665043753
connected_area_km2,connected_area,newport-p057-uk,Newport P057 Uk,western-English-Channel,-0.34095507119135776,-0.31618644744193475,0.024768623749423013,-0.2080772607550483,-0.19041157847128,0.017665682283768275
connected_area_km2,connected_area,portrush-p935-uk,Portrush P935 Uk,Atlantic-Celtic,-0.34095507119135776,-0.34551839731822176,-0.004563326126863998,-0.2080772607550483,-0.2139303482587065,-0.005853087503658205
connected_area_km2,connected_area,bangor-p662-uk,Bangor P662 Uk,Atlantic-Celtic,-0.34095507119135776,-0.3381355255806529,0.0028195456107048544,-0.2080772607550483,-0.20578923563998194,0.0022880251150663444
connected_area_km2,connected_area,stmarys-p231-uk,Stmarys P231 Uk,Atlantic-Celtic,-0.34095507119135776,-0.3508260834863118,-0.009871012294954018,-0.2080772607550483,-0.21754862053369517,-0.009471359778646882
connected_area_km2,connected_area,bournemouth-p988-uk,Bournemouth P988 Uk,western-English-Channel,-0.34095507119135776,-0.34711469391012856,-0.006159622718770796,-0.2080772607550483,-0.21664405246494803,-0.00856679170989974
connected_area_km2,connected_area,concarneau,Concarneau France,western-English-Channel,-0.34095507119135776,-0.3412083965200735,-0.00025332532871574776,-0.2080772607550483,-0.2066938037087291,0.0013834570463191753
connected_area_km2,connected_area,le-crouesty,Le Crouesty France,western-English-Channel,-0.34095507119135776,-0.3420464522308246,-0.001091381039466821,-0.2080772607550483,-0.20759837177747628,0.0004788889775720062
connected_area_km2,connected_area,morayfirth-p207-uk,Morayfirth P207 Uk,British-North-Sea,-0.34095507119135776,-0.33741719211429494,0.003537879077062822,-0.2080772607550483,-0.2066938037087291,0.0013834570463191753
connected_area_km2,connected_area,harwich-p022-uk,Harwich P022 Uk,eastern-Channel-southern-North-Sea,-0.34095507119135776,-0.3589272886902387,-0.01797221749888095,-0.2080772607550483,-0.2238805970149254,-0.01580333625987712
connected_area_km2,connected_area,portbury-p341-uk,Portbury P341 Uk,western-English-Channel,-0.34095507119135776,-0.3256844121637801,0.015270659027577682,-0.2080772607550483,-0.20126639529624607,0.006810865458802218
connected_window_pct,connected_window_share,esbjerg-130121-denmark,Esbjerg 130121 Denmark,Denmark-Norway,-0.34095507119135776,-0.35094580573070483,-0.009990734539347068,-0.2080772607550483,-0.21754862053369517,-0.009471359778646882
connected_window_pct,connected_window_share,denhelder-hel-nl,Denhelder Hel Nl,Dutch-German-Bight,-0.34095507119135776,-0.3241280229866709,0.016827048204686834,-0.2080772607550483,-0.19493441881501586,0.01314284194003243
connected_window_pct,connected_window_share,lerwick-p041-uk,Lerwick P041 Uk,British-North-Sea,-0.34095507119135776,-0.33681858089232986,0.004136490299027906,-0.2080772607550483,-0.2030755314337404,0.0050017293213078795
connected_window_pct,connected_window_share,cuxhaven-germany,Cuxhaven Germany,Denmark-Norway,-0.34095507119135776,-0.3697421981004071,-0.028787126909049332,-0.2080772607550483,-0.22840343735866128,-0.020326176603612994
connected_window_pct,connected_window_share,delfzijl-del-nl,Delfzijl Del Nl,Dutch-German-Bight,-0.34095507119135776,-0.36092265943012214,-0.019967588238764378,-0.2080772607550483,-0.22207146087743104,-0.013994200122382755
connected_window_pct,connected_window_share,portpatrick-p063-uk,Portpatrick P063 Uk,Atlantic-Celtic,-0.34095507119135776,-0.3477532125468913,-0.006798141355533527,-0.2080772607550483,-0.21212121212121218,-0.004043951366163895
connected_window_pct,connected_window_share,newlyn-p001-uk,Newlyn,Atlantic-Celtic,-0.34095507119135776,-0.34244552637880127,-0.0014904551874435068,-0.2080772607550483,-0.20578923563998194,0.0022880251150663444
connected_window_pct,connected_window_share,fishguard-p055-uk,Fishguard P055 Uk,British-North-Sea,-0.34095507119135776,-0.3689440498044537,-0.02798897861309596,-0.2080772607550483,-0.22749886928991409,-0.019421608534865797
connected_window_pct,connected_window_share,hoekvanholla-hvh-nl,Hoek van Holland,Dutch-German-Bight,-0.34095507119135776,-0.3494692313831911,-0.00851416019183332,-0.2080772607550483,-0.21573948439620083,-0.0076622236411525435
connected_window_pct,connected_window_share,milfordhaven-p056-uk,Milfordhaven P056 Uk,Atlantic-Celtic,-0.34095507119135776,-0.33438422858967204,0.006570842601685722,-0.2080772607550483,-0.20217096336499327,0.005906297390055021
connected_window_pct,connected_window_share,tregde-006-norway,Tregde 006 Norway,Dutch-German-Bight,-0.34095507119135776,-0.32859765344401,0.012357417747347776,-0.2080772607550483,-0.19493441881501586,0.01314284194003243
connected_window_pct,connected_window_share,lowestoft-p024-uk,Lowestoft P024 Uk,British-North-Sea,-0.34095507119135776,-0.34017080373533404,0.0007842674560237239,-0.2080772607550483,-0.20759837177747628,0.0004788889775720062
connected_window_pct,connected_window_share,wick-p035-uk,Wick P035 Uk,British-North-Sea,-0.34095507119135776,-0.3381355255806529,0.0028195456107048544,-0.2080772607550483,-0.20578923563998194,0.0022880251150663444
connected_window_pct,connected_window_share,stornoway-p042-uk,Stornoway P042 Uk,Atlantic-Celtic,-0.34095507119135776,-0.33889376646180863,0.0020613047295491294,-0.2080772607550483,-0.20759837177747628,0.0004788889775720062
connected_window_pct,connected_window_share,le-conquet,Le Conquet France,western-English-Channel,-0.34095507119135776,-0.3377364514326762,0.00321861975868154,-0.2080772607550483,-0.20578923563998194,0.0022880251150663444
connected_window_pct,connected_window_share,brest,Brest,western-English-Channel,-0.34095507119135776,-0.3323090430201932,0.008646028171164555,-0.2080772607550483,-0.20217096336499327,0.005906297390055021
connected_window_pct,connected_window_share,port-tudy,Port Tudy France,western-English-Channel,-0.34095507119135776,-0.35178386144145585,-0.010828790250098086,-0.2080772607550483,-0.21483491632745366,-0.006757655572405374
connected_window_pct,connected_window_share,cherbourg,Cherbourg France,western-English-Channel,-0.34095507119135776,-0.3474339532285099,-0.006478882037152134,-0.2080772607550483,-0.21302578018995932,-0.004948519434911036
connected_window_pct,connected_window_share,saint-nazaire,Saint Nazaire France,western-English-Channel,-0.34095507119135776,-0.3430840450155639,-0.0021289738242061262,-0.2080772607550483,-0.2066938037087291,0.0013834570463191753
connected_window_pct,connected_window_share,saint-gildas,Saint Gildas France,western-English-Channel,-0.34095507119135776,-0.3422060818900152,-0.001251010698657462,-0.2080772607550483,-0.2103120759837178,-0.002234815228669501
connected_window_pct,connected_window_share,le-havre,Le Havre France,eastern-Channel-southern-North-Sea,-0.34095507119135776,-0.35896719610503636,-0.018012124913678595,-0.2080772607550483,-0.21845318860244237,-0.010375927847394079
connected_window_pct,connected_window_share,dunkerque,Dunkerque France,eastern-Channel-southern-North-Sea,-0.34095507119135776,-0.36567164179104483,-0.02471657059968707,-0.2080772607550483,-0.22659430122116694,-0.018517040466118656
connected_window_pct,connected_window_share,roscoff,Roscoff France,western-English-Channel,-0.34095507119135776,-0.32548487508979174,0.015470196101566025,-0.2080772607550483,-0.1967435549525102,0.011333705802538091
connected_window_pct,connected_window_share,boulogne-sur-mer,Boulogne Sur Mer,eastern-Channel-southern-North-Sea,-0.34095507119135776,-0.33805571075105756,0.0028993604403002027,-0.2080772607550483,-0.20578923563998194,0.0022880251150663444
connected_window_pct,connected_window_share,dieppe,Dieppe France,eastern-Channel-southern-North-Sea,-0.34095507119135776,-0.3202969111660947,0.02065816002526305,-0.2080772607550483,-0.19493441881501586,0.01314284194003243
connected_window_pct,connected_window_share,immingham-p026-uk,Immingham P026 Uk,British-North-Sea,-0.34095507119135776,-0.33238885784978855,0.008566213341569207,-0.2080772607550483,-0.20036182722749887,0.007715433527549415
connected_window_pct,connected_window_share,aberdeen-p038-uk,Aberdeen,British-North-Sea,-0.34095507119135776,-0.338973581291404,0.001981489899953781,-0.2080772607550483,-0.20578923563998194,0.0022880251150663444
connected_window_pct,connected_window_share,millport-p049-uk,Millport P049 Uk,British-North-Sea,-0.34095507119135776,-0.339332748024583,0.0016223231667747418,-0.2080772607550483,-0.20578923563998194,0.0022880251150663444
connected_window_pct,connected_window_share,holyhead-p054-uk,Holyhead P054 Uk,British-North-Sea,-0.34095507119135776,-0.3484715460132493,-0.00751647482189155,-0.2080772607550483,-0.21573948439620083,-0.0076622236411525435
connected_window_pct,connected_window_share,sheerness-p015-uk,Sheerness,eastern-Channel-southern-North-Sea,-0.34095507119135776,-0.3722164578178626,-0.03126138662650485,-0.2080772607550483,-0.23021257349615562,-0.022135312741107332
connected_window_pct,connected_window_share,heysham-p050-uk,Heysham P050 Uk,British-North-Sea,-0.34095507119135776,-0.3339851544416953,0.006969916749662464,-0.2080772607550483,-0.20578923563998194,0.0022880251150663444
connected_window_pct,connected_window_share,northshields-p032-uk,Northshields P032 Uk,British-North-Sea,-0.34095507119135776,-0.35609386223960415,-0.015138791048246392,-0.2080772607550483,-0.21664405246494803,-0.00856679170989974
connected_window_pct,connected_window_share,whitby-p174-uk,Whitby P174 Uk,British-North-Sea,-0.34095507119135776,-0.3438821933115173,-0.002927122120159553,-0.2080772607550483,-0.20759837177747628,0.0004788889775720062
connected_window_pct,connected_window_share,dover-p012-uk,Dover P012 Uk,eastern-Channel-southern-North-Sea,-0.34095507119135776,-0.32995450554713074,0.011000565644227023,-0.2080772607550483,-0.20036182722749887,0.007715433527549415
connected_window_pct,connected_window_share,ullapool-p043-uk,Ullapool P043 Uk,Atlantic-Celtic,-0.34095507119135776,-0.3460771011253892,-0.005122029934031436,-0.2080772607550483,-0.20850293984622345,-0.0004256790911751629
connected_window_pct,connected_window_share,newhaven-p011-uk,Newhaven P011 Uk,eastern-Channel-southern-North-Sea,-0.34095507119135776,-0.3560140474100088,-0.015058976218651043,-0.2080772607550483,-0.21754862053369517,-0.009471359778646882
connected_window_pct,connected_window_share,calais,Calais France,eastern-Channel-southern-North-Sea,-0.34095507119135776,-0.36814590150850035,-0.02719083031714259,-0.2080772607550483,-0.22749886928991409,-0.019421608534865797
connected_window_pct,connected_window_share,ilfracombe-p061-uk,Ilfracombe P061 Uk,western-English-Channel,-0.34095507119135776,-0.3168249660786975,0.024130105112660283,-0.2080772607550483,-0.19131614654002715,0.016761114215021133
connected_window_pct,connected_window_share,felixstowe-p204-uk,Felixstowe P204 Uk,eastern-Channel-southern-North-Sea,-0.34095507119135776,-0.3589272886902387,-0.01797221749888095,-0.2080772607550483,-0.2238805970149254,-0.01580333625987712
connected_window_pct,connected_window_share,leith-p034-uk,Leith P034 Uk,British-North-Sea,-0.34095507119135776,-0.34651608268816353,-0.005561011496805768,-0.2080772607550483,-0.21121664405246499,-0.003139383297416698
connected_window_pct,connected_window_share,tobermory-p223-uk,Tobermory P223 Uk,Atlantic-Celtic,-0.34095507119135776,-0.344041822970708,-0.0030867517793502497,-0.2080772607550483,-0.20850293984622345,-0.0004256790911751629
connected_window_pct,connected_window_share,cromer-p183-uk,Cromer P183 Uk,British-North-Sea,-0.34095507119135776,-0.3392928406097853,0.0016622305815724436,-0.2080772607550483,-0.20488466757123477,0.0031925931838135135
connected_window_pct,connected_window_share,avonmouth-p060-uk,Avonmouth P060 Uk,western-English-Channel,-0.34095507119135776,-0.3273206161704845,0.013634455020873237,-0.2080772607550483,-0.20217096336499327,0.005906297390055021
connected_window_pct,connected_window_share,hinkleypoint-p003-uk,Hinkleypoint P003 Uk,western-English-Channel,-0.34095507119135776,-0.3127145023545375,0.028240568836820246,-0.2080772607550483,-0.1867933061962913,0.02128395455875698
connected_window_pct,connected_window_share,mumbles-p932-uk,Mumbles P932 Uk,western-English-Channel,-0.34095507119135776,-0.31518876207199303,0.025766309119364728,-0.2080772607550483,-0.19041157847128,0.017665682283768275
connected_window_pct,connected_window_share,devonport-p002-uk,Devonport P002 Uk,western-English-Channel,-0.34095507119135776,-0.3412083965200735,-0.00025332532871574776,-0.2080772607550483,-0.2066938037087291,0.0013834570463191753
connected_window_pct,connected_window_share,weymouth-p991-uk,Weymouth P991 Uk,western-English-Channel,-0.34095507119135776,-0.33637959932955547,0.004575471861802294,-0.2080772607550483,-0.20217096336499327,0.005906297390055021
connected_window_pct,connected_window_share,barmouth-p923-uk,Barmouth P923 Uk,British-North-Sea,-0.34095507119135776,-0.35274163939659997,-0.01178656820524221,-0.2080772607550483,-0.21845318860244237,-0.010375927847394079
connected_window_pct,connected_window_share,portsmouth-p008-uk,Portsmouth P008 Uk,western-English-Channel,-0.34095507119135776,-0.3318301540426212,0.009124917148736589,-0.2080772607550483,-0.20036182722749887,0.007715433527549415
connected_window_pct,connected_window_share,malin-head-834a-ireland,Malin Head 834a,Atlantic-Celtic,-0.34095507119135776,-0.3451592305850428,-0.004204159393685014,-0.2080772607550483,-0.21302578018995932,-0.004948519434911036
connected_window_pct,connected_window_share,kinlochbervi-p918-uk,Kinlochbervi P918 Uk,Atlantic-Celtic,-0.34095507119135776,-0.3406896001277037,0.0002654710636540436,-0.2080772607550483,-0.2066938037087291,0.0013834570463191753
connected_window_pct,connected_window_share,porterin-p919-uk,Porterin P919 Uk,British-North-Sea,-0.34095507119135776,-0.3474339532285099,-0.006478882037152134,-0.2080772607550483,-0.21302578018995932,-0.004948519434911036
connected_window_pct,connected_window_share,workington-p217-uk,Workington P217 Uk,British-North-Sea,-0.34095507119135776,-0.3297150610583447,0.011240010133013068,-0.2080772607550483,-0.20126639529624607,0.006810865458802218
connected_window_pct,connected_window_share,sthelier-p074-uk,Sthelier P074 Uk,western-English-Channel,-0.34095507119135776,-0.3202969111660947,0.02065816002526305,-0.2080772607550483,-0.19493441881501586,0.01314284194003243
connected_window_pct,connected_window_share,gladstone-p234-uk,Gladstone P234 Uk,British-North-Sea,-0.34095507119135776,-0.3213744113656318,0.019580659825725988,-0.2080772607550483,-0.19493441881501586,0.01314284194003243
connected_window_pct,connected_window_share,llandudno-p007-uk,Llandudno P007 Uk,British-North-Sea,-0.34095507119135776,-0.3230106153723362,0.017944455819021543,-0.2080772607550483,-0.19583898688376303,0.01223827387128526
connected_window_pct,connected_window_share,portellen-p202-uk,Portellen P202 Uk,Atlantic-Celtic,-0.34095507119135776,-0.34252534120839656,-0.0015702700170387995,-0.2080772607550483,-0.21121664405246499,-0.003139383297416698
connected_window_pct,connected_window_share,saint-malo,Saint Malo France,western-English-Channel,-0.34095507119135776,-0.3227312634687525,0.018223807722605234,-0.2080772607550483,-0.19855269109000453,0.009524569665043753
connected_window_pct,connected_window_share,newport-p057-uk,Newport P057 Uk,western-English-Channel,-0.34095507119135776,-0.31618644744193475,0.024768623749423013,-0.2080772607550483,-0.19041157847128,0.017665682283768275
connected_window_pct,connected_window_share,portrush-p935-uk,Portrush P935 Uk,Atlantic-Celtic,-0.34095507119135776,-0.34551839731822176,-0.004563326126863998,-0.2080772607550483,-0.2139303482587065,-0.005853087503658205
connected_window_pct,connected_window_share,bangor-p662-uk,Bangor P662 Uk,Atlantic-Celtic,-0.34095507119135776,-0.3381355255806529,0.0028195456107048544,-0.2080772607550483,-0.20578923563998194,0.0022880251150663444
connected_window_pct,connected_window_share,stmarys-p231-uk,Stmarys P231 Uk,Atlantic-Celtic,-0.34095507119135776,-0.3508260834863118,-0.009871012294954018,-0.2080772607550483,-0.21754862053369517,-0.009471359778646882
connected_window_pct,connected_window_share,bournemouth-p988-uk,Bournemouth P988 Uk,western-English-Channel,-0.34095507119135776,-0.34711469391012856,-0.006159622718770796,-0.2080772607550483,-0.21664405246494803,-0.00856679170989974
connected_window_pct,connected_window_share,concarneau,Concarneau France,western-English-Channel,-0.34095507119135776,-0.3412083965200735,-0.00025332532871574776,-0.2080772607550483,-0.2066938037087291,0.0013834570463191753
connected_window_pct,connected_window_share,le-crouesty,Le Crouesty France,western-English-Channel,-0.34095507119135776,-0.3420464522308246,-0.001091381039466821,-0.2080772607550483,-0.20759837177747628,0.0004788889775720062
connected_window_pct,connected_window_share,morayfirth-p207-uk,Morayfirth P207 Uk,British-North-Sea,-0.34095507119135776,-0.33741719211429494,0.003537879077062822,-0.2080772607550483,-0.2066938037087291,0.0013834570463191753
connected_window_pct,connected_window_share,harwich-p022-uk,Harwich P022 Uk,eastern-Channel-southern-North-Sea,-0.34095507119135776,-0.3589272886902387,-0.01797221749888095,-0.2080772607550483,-0.2238805970149254,-0.01580333625987712
connected_window_pct,connected_window_share,portbury-p341-uk,Portbury P341 Uk,western-English-Channel,-0.34095507119135776,-0.3256844121637801,0.015270659027577682,-0.2080772607550483,-0.20126639529624607,0.006810865458802218
